
=== Incoming Query ===
Timestamp: 2026-01-18T16:46:26.381Z
Method: GET
Path: /mcp
IP Address: ::ffff:127.0.0.1
User-Agent: ElevenLabs/1.0
========================


=== Incoming Query ===
Timestamp: 2026-01-18T16:46:26.843Z
Method: POST
Path: /mcp
Request Body: {
  "method": "tools/call",
  "params": {
    "name": "get_activity_venue_maps",
    "arguments": {
      "userId": "2026-01-19T19:00:00Z"
    }
  },
  "jsonrpc": "2.0",
  "id": 1
}
IP Address: ::ffff:127.0.0.1
User-Agent: ElevenLabs/1.0
========================


=== Incoming Query ===
Timestamp: 2026-01-18T16:46:27.309Z
Method: DELETE
Path: /mcp
IP Address: ::ffff:127.0.0.1
User-Agent: ElevenLabs/1.0
========================

Destroying session: 2b7df5b4-cd65-419c-9ad4-e63be38fafcc

=== Incoming Query ===
Timestamp: 2026-01-18T16:46:28.712Z
Method: GET
Path: /mcp
IP Address: ::ffff:127.0.0.1
User-Agent: ElevenLabs/1.0
========================


=== Incoming Query ===
Timestamp: 2026-01-18T16:46:29.179Z
Method: POST
Path: /mcp
Request Body: {
  "method": "tools/call",
  "params": {
    "name": "get_activity_venue_maps",
    "arguments": {
      "userId": 260119,
      "datetime": "2026-01-19T19:00:00Z"
    }
  },
  "jsonrpc": "2.0",
  "id": 1
}
IP Address: ::ffff:127.0.0.1
User-Agent: ElevenLabs/1.0
========================

✓ Database connected
Tool call: get_activity_venue_maps {
  input: { userId: 260119, datetime: '2026-01-19T19:00:00Z' },
  output: { content: [ [Object] ] },
  queryResponse: []
}

=== Incoming Query ===
Timestamp: 2026-01-18T16:46:29.668Z
Method: DELETE
Path: /mcp
IP Address: ::ffff:127.0.0.1
User-Agent: ElevenLabs/1.0
========================

Destroying session: 18dffbe1-06f1-4169-aa84-02fd91b9cc73

=== Incoming Query ===
Timestamp: 2026-01-18T16:46:31.218Z
Method: GET
Path: /mcp
IP Address: ::ffff:127.0.0.1
User-Agent: ElevenLabs/1.0
========================


=== Incoming Query ===
Timestamp: 2026-01-18T16:46:31.684Z
Method: POST
Path: /mcp
Request Body: {
  "method": "tools/call",
  "params": {
    "name": "get_activity_venue_maps",
    "arguments": {
      "userId": 26019,
      "datetime": "2026-01-19T18:00:00Z"
    }
  },
  "jsonrpc": "2.0",
  "id": 1
}
IP Address: ::ffff:127.0.0.1
User-Agent: ElevenLabs/1.0
========================

Tool call: get_activity_venue_maps {
  input: { userId: 26019, datetime: '2026-01-19T18:00:00Z' },
  output: { content: [ [Object] ] },
  queryResponse: []
}

=== Incoming Query ===
Timestamp: 2026-01-18T16:46:32.148Z
Method: DELETE
Path: /mcp
IP Address: ::ffff:127.0.0.1
User-Agent: ElevenLabs/1.0
========================

Destroying session: 4be926f2-dffb-46f0-a2aa-0a19a784ad75

=== Incoming Query ===
Timestamp: 2026-01-18T16:46:33.533Z
Method: GET
Path: /mcp
IP Address: ::ffff:127.0.0.1
User-Agent: ElevenLabs/1.0
========================


=== Incoming Query ===
Timestamp: 2026-01-18T16:46:33.995Z
Method: POST
Path: /mcp
Request Body: {
  "method": "tools/call",
  "params": {
    "name": "get_activity_venue_maps",
    "arguments": {
      "userId": "2026-01-19T19:00:00Z"
    }
  },
  "jsonrpc": "2.0",
  "id": 1
}
IP Address: ::ffff:127.0.0.1
User-Agent: ElevenLabs/1.0
========================


=== Incoming Query ===
Timestamp: 2026-01-18T16:46:34.461Z
Method: DELETE
Path: /mcp
IP Address: ::ffff:127.0.0.1
User-Agent: ElevenLabs/1.0
========================

Destroying session: 08f57914-5ff0-4636-978a-40aaa46fdb10

=== Incoming Query ===
Timestamp: 2026-01-18T16:46:35.908Z
Method: GET
Path: /mcp
IP Address: ::ffff:127.0.0.1
User-Agent: ElevenLabs/1.0
========================


=== Incoming Query ===
Timestamp: 2026-01-18T16:46:36.388Z
Method: POST
Path: /mcp
Request Body: {
  "method": "tools/call",
  "params": {
    "name": "get_activity_venue_maps",
    "arguments": {
      "userId": "2026-01-19T19:00:00Z"
    }
  },
  "jsonrpc": "2.0",
  "id": 1
}
IP Address: ::ffff:127.0.0.1
User-Agent: ElevenLabs/1.0
========================


=== Incoming Query ===
Timestamp: 2026-01-18T16:46:36.856Z
Method: DELETE
Path: /mcp
IP Address: ::ffff:127.0.0.1
User-Agent: ElevenLabs/1.0
========================

Destroying session: 8695612f-2fc7-4b1e-a7a1-005df3dc6ce4

=== Incoming Query ===
Timestamp: 2026-01-18T16:46:38.292Z
Method: GET
Path: /mcp
IP Address: ::ffff:127.0.0.1
User-Agent: ElevenLabs/1.0
========================


=== Incoming Query ===
Timestamp: 2026-01-18T16:46:38.758Z
Method: POST
Path: /mcp
Request Body: {
  "method": "tools/call",
  "params": {
    "name": "get_activity_venue_maps",
    "arguments": {
      "userId": "2026-01-19T19:00:00Z"
    }
  },
  "jsonrpc": "2.0",
  "id": 1
}
IP Address: ::ffff:127.0.0.1
User-Agent: ElevenLabs/1.0
========================


=== Incoming Query ===
Timestamp: 2026-01-18T16:46:39.217Z
Method: DELETE
Path: /mcp
IP Address: ::ffff:127.0.0.1
User-Agent: ElevenLabs/1.0
========================

Destroying session: 5163967c-6bcd-4da5-9561-6b7d1505b95c

=== Incoming Query ===
Timestamp: 2026-01-18T16:46:40.655Z
Method: GET
Path: /mcp
IP Address: ::ffff:127.0.0.1
User-Agent: ElevenLabs/1.0
========================


=== Incoming Query ===
Timestamp: 2026-01-18T16:46:41.115Z
Method: POST
Path: /mcp
Request Body: {
  "method": "tools/call",
  "params": {
    "name": "get_activity_venue_maps",
    "arguments": {
      "userId": 26019,
      "datetime": "2026-01-19T19:00:00Z"
    }
  },
  "jsonrpc": "2.0",
  "id": 1
}
IP Address: ::ffff:127.0.0.1
User-Agent: ElevenLabs/1.0
========================

Tool call: get_activity_venue_maps {
  input: { userId: 26019, datetime: '2026-01-19T19:00:00Z' },
  output: { content: [ [Object] ] },
  queryResponse: []
}

=== Incoming Query ===
Timestamp: 2026-01-18T16:46:41.591Z
Method: DELETE
Path: /mcp
IP Address: ::ffff:127.0.0.1
User-Agent: ElevenLabs/1.0
========================

Destroying session: 7735a9d3-7474-4618-b3cb-711804cfb47d

=== Incoming Query ===
Timestamp: 2026-01-18T16:46:42.982Z
Method: GET
Path: /mcp
IP Address: ::ffff:127.0.0.1
User-Agent: ElevenLabs/1.0
========================


=== Incoming Query ===
Timestamp: 2026-01-18T16:46:43.441Z
Method: POST
Path: /mcp
Request Body: {
  "method": "tools/call",
  "params": {
    "name": "get_activity_venue_maps",
    "arguments": {
      "userId": "2026-01-19T18:00:00Z"
    }
  },
  "jsonrpc": "2.0",
  "id": 1
}
IP Address: ::ffff:127.0.0.1
User-Agent: ElevenLabs/1.0
========================


=== Incoming Query ===
Timestamp: 2026-01-18T16:46:43.902Z
Method: DELETE
Path: /mcp
IP Address: ::ffff:127.0.0.1
User-Agent: ElevenLabs/1.0
========================

Destroying session: 4eeb074f-7e33-48b6-9f91-2847283a0d7e

=== Incoming Query ===
Timestamp: 2026-01-18T16:48:57.720Z
Method: GET
Path: /mcp
IP Address: ::ffff:127.0.0.1
User-Agent: ElevenLabs/1.0
========================


=== Incoming Query ===
Timestamp: 2026-01-18T16:48:58.658Z
Method: DELETE
Path: /mcp
IP Address: ::ffff:127.0.0.1
User-Agent: ElevenLabs/1.0
========================

Destroying session: 8f198d29-1c7b-4bae-994a-8ba6515499aa

=== Incoming Query ===
Timestamp: 2026-01-18T16:50:22.761Z
Method: GET
Path: /mcp
IP Address: ::ffff:127.0.0.1
User-Agent: ElevenLabs/1.0
========================


=== Incoming Query ===
Timestamp: 2026-01-18T16:50:23.685Z
Method: DELETE
Path: /mcp
IP Address: ::ffff:127.0.0.1
User-Agent: ElevenLabs/1.0
========================

Destroying session: bfac066f-ba44-4511-bf10-6cb62d369fcd

=== Incoming Query ===
Timestamp: 2026-01-18T16:50:45.574Z
Method: GET
Path: /mcp
IP Address: ::ffff:127.0.0.1
User-Agent: ElevenLabs/1.0
========================


=== Incoming Query ===
Timestamp: 2026-01-18T16:50:46.522Z
Method: DELETE
Path: /mcp
IP Address: ::ffff:127.0.0.1
User-Agent: ElevenLabs/1.0
========================

Destroying session: 6769c8bc-f1f7-42c2-90cb-e3f090491d11

=== Incoming Query ===
Timestamp: 2026-01-18T16:51:01.310Z
Method: GET
Path: /mcp
IP Address: ::ffff:127.0.0.1
User-Agent: ElevenLabs/1.0
========================


=== Incoming Query ===
Timestamp: 2026-01-18T16:51:02.219Z
Method: DELETE
Path: /mcp
IP Address: ::ffff:127.0.0.1
User-Agent: ElevenLabs/1.0
========================

Destroying session: 8a4fd487-c96f-4adf-b3c2-510a28f802ad

=== Incoming Query ===
Timestamp: 2026-01-18T16:51:03.168Z
Method: GET
Path: /mcp
IP Address: ::ffff:127.0.0.1
User-Agent: ElevenLabs/1.0
========================


=== Incoming Query ===
Timestamp: 2026-01-18T16:51:04.094Z
Method: DELETE
Path: /mcp
IP Address: ::ffff:127.0.0.1
User-Agent: ElevenLabs/1.0
========================

Destroying session: ee75a529-3b7a-467b-9a67-887fb1fbfee1

=== Incoming Query ===
Timestamp: 2026-01-18T16:51:09.947Z
Method: GET
Path: /mcp
IP Address: ::ffff:127.0.0.1
User-Agent: ElevenLabs/1.0
========================


=== Incoming Query ===
Timestamp: 2026-01-18T16:51:10.395Z
Method: POST
Path: /mcp
Request Body: {
  "method": "tools/call",
  "params": {
    "name": "get_user_details",
    "arguments": {
      "mobile_number": "919899807889"
    }
  },
  "jsonrpc": "2.0",
  "id": 1
}
IP Address: ::ffff:127.0.0.1
User-Agent: ElevenLabs/1.0
========================

✓ Database connected
Tool call: get_user_details {
  input: { mobile_number: '919899807889' },
  output: { content: [ [Object] ] },
  queryResponse: {
    user_id: '919899807889',
    created_at: 2026-01-15T20:06:08.161Z,
    updated_at: 2026-01-15T20:06:08.595Z,
    name: 'Shrey Pandey',
    bio: "I'm just a fun guy",
    persona_json: null,
    locality_id: '1',
    conversation_id: 'conv_696948b06b28819088d77c4bb528576b0be52f053d8f6247',
    id: 'bd0d1d23-2d6d-4612-bcf2-8328c3d92066',
    connections: []
  }
}

=== Incoming Query ===
Timestamp: 2026-01-18T16:51:10.972Z
Method: DELETE
Path: /mcp
IP Address: ::ffff:127.0.0.1
User-Agent: ElevenLabs/1.0
========================

Destroying session: 1d21c8c4-dcfb-44d9-815b-26583773e8ab

=== Incoming Query ===
Timestamp: 2026-01-18T16:51:12.119Z
Method: GET
Path: /mcp
IP Address: ::ffff:127.0.0.1
User-Agent: ElevenLabs/1.0
========================


=== Incoming Query ===
Timestamp: 2026-01-18T16:51:13.066Z
Method: DELETE
Path: /mcp
IP Address: ::ffff:127.0.0.1
User-Agent: ElevenLabs/1.0
========================

Destroying session: 8152a651-7982-451a-9c53-1760ee4b11c2

=== Incoming Query ===
Timestamp: 2026-01-18T16:51:15.332Z
Method: GET
Path: /mcp
IP Address: ::ffff:127.0.0.1
User-Agent: ElevenLabs/1.0
========================


=== Incoming Query ===
Timestamp: 2026-01-18T16:51:16.253Z
Method: DELETE
Path: /mcp
IP Address: ::ffff:127.0.0.1
User-Agent: ElevenLabs/1.0
========================

Destroying session: f7994314-1420-4119-bebe-dedcb24cee81

=== Incoming Query ===
Timestamp: 2026-01-18T16:51:17.197Z
Method: GET
Path: /mcp
IP Address: ::ffff:127.0.0.1
User-Agent: ElevenLabs/1.0
========================


=== Incoming Query ===
Timestamp: 2026-01-18T16:51:18.128Z
Method: DELETE
Path: /mcp
IP Address: ::ffff:127.0.0.1
User-Agent: ElevenLabs/1.0
========================

Destroying session: 243ce93f-2eab-4a49-994d-1d01665882eb

=== Incoming Query ===
Timestamp: 2026-01-18T16:51:19.413Z
Method: GET
Path: /mcp
IP Address: ::ffff:127.0.0.1
User-Agent: ElevenLabs/1.0
========================


=== Incoming Query ===
Timestamp: 2026-01-18T16:51:19.883Z
Method: POST
Path: /mcp
Request Body: {
  "method": "tools/call",
  "params": {
    "name": "get_user",
    "arguments": {
      "mobile_number": "919899807889"
    }
  },
  "jsonrpc": "2.0",
  "id": 1
}
IP Address: ::ffff:127.0.0.1
User-Agent: ElevenLabs/1.0
========================

Tool call: get_user {
  input: { mobile_number: '919899807889' },
  output: { content: [ [Object] ] },
  queryResponse: {
    user_id: '919899807889',
    created_at: 2026-01-15T20:06:08.161Z,
    updated_at: 2026-01-15T20:06:08.595Z,
    name: 'Shrey Pandey',
    bio: "I'm just a fun guy",
    persona_json: null,
    locality_id: '1',
    conversation_id: 'conv_696948b06b28819088d77c4bb528576b0be52f053d8f6247',
    id: 'bd0d1d23-2d6d-4612-bcf2-8328c3d92066'
  }
}

=== Incoming Query ===
Timestamp: 2026-01-18T16:51:20.345Z
Method: DELETE
Path: /mcp
IP Address: ::ffff:127.0.0.1
User-Agent: ElevenLabs/1.0
========================

Destroying session: ffaaeb36-2ffe-4d23-97ed-ac61b4a527ff

=== Incoming Query ===
Timestamp: 2026-01-18T16:51:21.619Z
Method: GET
Path: /mcp
IP Address: ::ffff:127.0.0.1
User-Agent: ElevenLabs/1.0
========================


=== Incoming Query ===
Timestamp: 2026-01-18T16:51:22.077Z
Method: POST
Path: /mcp
Request Body: {
  "method": "tools/call",
  "params": {
    "name": "get_user_persona",
    "arguments": {
      "userId": 9899807889
    }
  },
  "jsonrpc": "2.0",
  "id": 1
}
IP Address: ::ffff:127.0.0.1
User-Agent: ElevenLabs/1.0
========================

Tool call: get_user_persona {
  input: { userId: 9899807889 },
  output: { content: [ [Object] ], isError: true },
  queryResponse: null
}

=== Incoming Query ===
Timestamp: 2026-01-18T16:51:22.535Z
Method: DELETE
Path: /mcp
IP Address: ::ffff:127.0.0.1
User-Agent: ElevenLabs/1.0
========================

Destroying session: 22a1624e-1505-41aa-b767-fc110dbca2e9

=== Incoming Query ===
Timestamp: 2026-01-18T16:51:23.701Z
Method: GET
Path: /mcp
IP Address: ::ffff:127.0.0.1
User-Agent: ElevenLabs/1.0
========================


=== Incoming Query ===
Timestamp: 2026-01-18T16:51:24.611Z
Method: DELETE
Path: /mcp
IP Address: ::ffff:127.0.0.1
User-Agent: ElevenLabs/1.0
========================

Destroying session: 0e5f13a5-8099-41ab-aea1-ce20ebda0b5a

=== Incoming Query ===
Timestamp: 2026-01-18T16:51:57.302Z
Method: GET
Path: /mcp
IP Address: ::ffff:127.0.0.1
User-Agent: ElevenLabs/1.0
========================


=== Incoming Query ===
Timestamp: 2026-01-18T16:51:57.755Z
Method: POST
Path: /mcp
Request Body: {
  "method": "tools/call",
  "params": {
    "name": "get_activity_venue_maps",
    "arguments": {
      "userId": 99807889,
      "datetime": "2026-01-19T20:00:00Z"
    }
  },
  "jsonrpc": "2.0",
  "id": 1
}
IP Address: ::ffff:127.0.0.1
User-Agent: ElevenLabs/1.0
========================

✓ Database connected
Tool call: get_activity_venue_maps {
  input: { userId: 99807889, datetime: '2026-01-19T20:00:00Z' },
  output: { content: [ [Object] ] },
  queryResponse: []
}

=== Incoming Query ===
Timestamp: 2026-01-18T16:51:58.231Z
Method: DELETE
Path: /mcp
IP Address: ::ffff:127.0.0.1
User-Agent: ElevenLabs/1.0
========================

Destroying session: 96c5228f-f25a-4c6d-974e-ce5f1c752e71

=== Incoming Query ===
Timestamp: 2026-01-18T16:52:16.314Z
Method: GET
Path: /mcp
IP Address: ::ffff:127.0.0.1
User-Agent: ElevenLabs/1.0
========================


=== Incoming Query ===
Timestamp: 2026-01-18T16:52:17.229Z
Method: DELETE
Path: /mcp
IP Address: ::ffff:127.0.0.1
User-Agent: ElevenLabs/1.0
========================

Destroying session: fc57ee6c-a8cc-4f2c-9875-0dbb337f2a03

=== Incoming Query ===
Timestamp: 2026-01-18T16:52:27.973Z
Method: GET
Path: /mcp
IP Address: ::ffff:127.0.0.1
User-Agent: ElevenLabs/1.0
========================


=== Incoming Query ===
Timestamp: 2026-01-18T16:52:28.897Z
Method: DELETE
Path: /mcp
IP Address: ::ffff:127.0.0.1
User-Agent: ElevenLabs/1.0
========================

Destroying session: 3ea59346-970f-4024-969a-8ca43ab8ff8b

=== Incoming Query ===
Timestamp: 2026-01-18T16:52:30.569Z
Method: GET
Path: /mcp
IP Address: ::ffff:127.0.0.1
User-Agent: ElevenLabs/1.0
========================


=== Incoming Query ===
Timestamp: 2026-01-18T16:52:31.504Z
Method: DELETE
Path: /mcp
IP Address: ::ffff:127.0.0.1
User-Agent: ElevenLabs/1.0
========================

Destroying session: 038397f7-c5f4-4900-af70-785144c33b41

=== Incoming Query ===
Timestamp: 2026-01-18T16:52:32.453Z
Method: GET
Path: /mcp
IP Address: ::ffff:127.0.0.1
User-Agent: ElevenLabs/1.0
========================


=== Incoming Query ===
Timestamp: 2026-01-18T16:52:33.391Z
Method: DELETE
Path: /mcp
IP Address: ::ffff:127.0.0.1
User-Agent: ElevenLabs/1.0
========================

Destroying session: 993d000c-26f6-4b78-87ed-5ab19d92abcc

=== Incoming Query ===
Timestamp: 2026-01-18T16:52:34.641Z
Method: GET
Path: /mcp
IP Address: ::ffff:127.0.0.1
User-Agent: ElevenLabs/1.0
========================


=== Incoming Query ===
Timestamp: 2026-01-18T16:52:35.556Z
Method: DELETE
Path: /mcp
IP Address: ::ffff:127.0.0.1
User-Agent: ElevenLabs/1.0
========================

Destroying session: 14f89392-e38b-4c5f-a63c-d3a6ccb417ae

=== Incoming Query ===
Timestamp: 2026-01-18T16:52:55.183Z
Method: GET
Path: /mcp
IP Address: ::ffff:127.0.0.1
User-Agent: ElevenLabs/1.0
========================


=== Incoming Query ===
Timestamp: 2026-01-18T16:52:55.634Z
Method: POST
Path: /mcp
Request Body: {
  "method": "tools/call",
  "params": {
    "name": "send_event_details",
    "arguments": {
      "activityVenueMapId": 99807889
    }
  },
  "jsonrpc": "2.0",
  "id": 1
}
IP Address: ::ffff:127.0.0.1
User-Agent: ElevenLabs/1.0
========================


=== Incoming Query ===
Timestamp: 2026-01-18T16:52:56.090Z
Method: DELETE
Path: /mcp
IP Address: ::ffff:127.0.0.1
User-Agent: ElevenLabs/1.0
========================

Destroying session: 4bbdea38-c0bd-4dc6-bc72-f14a779da5f7

=== Incoming Query ===
Timestamp: 2026-01-18T16:53:45.602Z
Method: GET
Path: /mcp
IP Address: ::ffff:127.0.0.1
User-Agent: ElevenLabs/1.0
========================


=== Incoming Query ===
Timestamp: 2026-01-18T16:53:46.533Z
Method: DELETE
Path: /mcp
IP Address: ::ffff:127.0.0.1
User-Agent: ElevenLabs/1.0
========================

Destroying session: 6b6e8bbc-3d44-4226-9f36-8f1fc14fb593

=== Incoming Query ===
Timestamp: 2026-01-18T16:54:53.436Z
Method: GET
Path: /mcp
IP Address: ::ffff:127.0.0.1
User-Agent: ElevenLabs/1.0
========================


=== Incoming Query ===
Timestamp: 2026-01-18T16:54:54.366Z
Method: DELETE
Path: /mcp
IP Address: ::ffff:127.0.0.1
User-Agent: ElevenLabs/1.0
========================

Destroying session: ef3d99b9-3db0-4a56-aa5b-0a7a25570ec6

=== Incoming Query ===
Timestamp: 2026-01-18T16:54:55.320Z
Method: GET
Path: /mcp
IP Address: ::ffff:127.0.0.1
User-Agent: ElevenLabs/1.0
========================


=== Incoming Query ===
Timestamp: 2026-01-18T16:54:56.238Z
Method: DELETE
Path: /mcp
IP Address: ::ffff:127.0.0.1
User-Agent: ElevenLabs/1.0
========================

Destroying session: 66a5222f-b12a-40d1-b387-c5364445c980

=== Incoming Query ===
Timestamp: 2026-01-18T16:55:10.173Z
Method: GET
Path: /mcp
IP Address: ::ffff:127.0.0.1
User-Agent: ElevenLabs/1.0
========================


=== Incoming Query ===
Timestamp: 2026-01-18T16:55:10.635Z
Method: POST
Path: /mcp
Request Body: {
  "method": "tools/call",
  "params": {
    "name": "get_user_details",
    "arguments": {
      "mobile_number": "919899807889"
    }
  },
  "jsonrpc": "2.0",
  "id": 1
}
IP Address: ::ffff:127.0.0.1
User-Agent: ElevenLabs/1.0
========================

✓ Database connected
Tool call: get_user_details {
  input: { mobile_number: '919899807889' },
  output: { content: [ [Object] ] },
  queryResponse: {
    user_id: '919899807889',
    created_at: 2026-01-15T20:06:08.161Z,
    updated_at: 2026-01-15T20:06:08.595Z,
    name: 'Shrey Pandey',
    bio: "I'm just a fun guy",
    persona_json: null,
    locality_id: '1',
    conversation_id: 'conv_696948b06b28819088d77c4bb528576b0be52f053d8f6247',
    id: 'bd0d1d23-2d6d-4612-bcf2-8328c3d92066',
    connections: []
  }
}

=== Incoming Query ===
Timestamp: 2026-01-18T16:55:11.121Z
Method: DELETE
Path: /mcp
IP Address: ::ffff:127.0.0.1
User-Agent: ElevenLabs/1.0
========================

Destroying session: a86dc9b9-19a7-4ec5-937c-5b32e4c46ed1

=== Incoming Query ===
Timestamp: 2026-01-18T16:55:12.335Z
Method: GET
Path: /mcp
IP Address: ::ffff:127.0.0.1
User-Agent: ElevenLabs/1.0
========================


=== Incoming Query ===
Timestamp: 2026-01-18T16:55:13.272Z
Method: DELETE
Path: /mcp
IP Address: ::ffff:127.0.0.1
User-Agent: ElevenLabs/1.0
========================

Destroying session: 02071722-440f-4ed5-a3bd-ecec7291e32e

=== Incoming Query ===
Timestamp: 2026-01-18T16:55:15.480Z
Method: GET
Path: /mcp
IP Address: ::ffff:127.0.0.1
User-Agent: ElevenLabs/1.0
========================


=== Incoming Query ===
Timestamp: 2026-01-18T16:55:16.398Z
Method: DELETE
Path: /mcp
IP Address: ::ffff:127.0.0.1
User-Agent: ElevenLabs/1.0
========================

Destroying session: aad47371-24a2-4f13-982f-ba5f285d9f55

=== Incoming Query ===
Timestamp: 2026-01-18T16:55:17.349Z
Method: GET
Path: /mcp
IP Address: ::ffff:127.0.0.1
User-Agent: ElevenLabs/1.0
========================


=== Incoming Query ===
Timestamp: 2026-01-18T16:55:18.284Z
Method: DELETE
Path: /mcp
IP Address: ::ffff:127.0.0.1
User-Agent: ElevenLabs/1.0
========================

Destroying session: e0e39f84-76a7-4f84-aaa6-a1a5405f57cf

=== Incoming Query ===
Timestamp: 2026-01-18T16:55:19.534Z
Method: GET
Path: /mcp
IP Address: ::ffff:127.0.0.1
User-Agent: ElevenLabs/1.0
========================


=== Incoming Query ===
Timestamp: 2026-01-18T16:55:19.987Z
Method: POST
Path: /mcp
Request Body: {
  "method": "tools/call",
  "params": {
    "name": "get_user_persona",
    "arguments": {
      "userId": 9899807889
    }
  },
  "jsonrpc": "2.0",
  "id": 1
}
IP Address: ::ffff:127.0.0.1
User-Agent: ElevenLabs/1.0
========================

Tool call: get_user_persona {
  input: { userId: 9899807889 },
  output: { content: [ [Object] ], isError: true },
  queryResponse: null
}

=== Incoming Query ===
Timestamp: 2026-01-18T16:55:20.476Z
Method: DELETE
Path: /mcp
IP Address: ::ffff:127.0.0.1
User-Agent: ElevenLabs/1.0
========================

Destroying session: 1534bf7c-1908-45ff-9cae-888c10b33268

=== Incoming Query ===
Timestamp: 2026-01-18T16:55:21.629Z
Method: GET
Path: /mcp
IP Address: ::ffff:127.0.0.1
User-Agent: ElevenLabs/1.0
========================


=== Incoming Query ===
Timestamp: 2026-01-18T16:55:22.561Z
Method: DELETE
Path: /mcp
IP Address: ::ffff:127.0.0.1
User-Agent: ElevenLabs/1.0
========================

Destroying session: 20d8adb7-f87d-4276-b013-d81e2c74460a

=== Incoming Query ===
Timestamp: 2026-01-18T16:57:28.890Z
Method: GET
Path: /mcp
IP Address: ::ffff:127.0.0.1
User-Agent: ElevenLabs/1.0
========================


=== Incoming Query ===
Timestamp: 2026-01-18T16:57:29.804Z
Method: DELETE
Path: /mcp
IP Address: ::ffff:127.0.0.1
User-Agent: ElevenLabs/1.0
========================

Destroying session: 9d59a400-df3a-4f92-8d82-665ff748f0cf

=== Incoming Query ===
Timestamp: 2026-01-18T16:57:31.566Z
Method: GET
Path: /mcp
IP Address: ::ffff:127.0.0.1
User-Agent: ElevenLabs/1.0
========================


=== Incoming Query ===
Timestamp: 2026-01-18T16:57:32.523Z
Method: DELETE
Path: /mcp
IP Address: ::ffff:127.0.0.1
User-Agent: ElevenLabs/1.0
========================

Destroying session: 940b4eb6-cf74-434f-a324-0d62406b2dd9

=== Incoming Query ===
Timestamp: 2026-01-18T16:57:33.488Z
Method: GET
Path: /mcp
IP Address: ::ffff:127.0.0.1
User-Agent: ElevenLabs/1.0
========================


=== Incoming Query ===
Timestamp: 2026-01-18T16:57:34.400Z
Method: DELETE
Path: /mcp
IP Address: ::ffff:127.0.0.1
User-Agent: ElevenLabs/1.0
========================

Destroying session: 1c941caa-ef47-4d6a-8228-563412d28460

=== Incoming Query ===
Timestamp: 2026-01-18T16:57:35.652Z
Method: GET
Path: /mcp
IP Address: ::ffff:127.0.0.1
User-Agent: ElevenLabs/1.0
========================


=== Incoming Query ===
Timestamp: 2026-01-18T16:57:36.552Z
Method: DELETE
Path: /mcp
IP Address: ::ffff:127.0.0.1
User-Agent: ElevenLabs/1.0
========================

Destroying session: 73ef12fd-c183-4a68-b63d-923d40e6c1c1

=== Incoming Query ===
Timestamp: 2026-01-18T16:57:38.162Z
Method: GET
Path: /mcp
IP Address: ::ffff:127.0.0.1
User-Agent: ElevenLabs/1.0
========================


=== Incoming Query ===
Timestamp: 2026-01-18T16:57:39.103Z
Method: DELETE
Path: /mcp
IP Address: ::ffff:127.0.0.1
User-Agent: ElevenLabs/1.0
========================

Destroying session: 4191df91-740c-4ab0-9120-06797bf229cd

=== Incoming Query ===
Timestamp: 2026-01-18T16:57:40.046Z
Method: GET
Path: /mcp
IP Address: ::ffff:127.0.0.1
User-Agent: ElevenLabs/1.0
========================


=== Incoming Query ===
Timestamp: 2026-01-18T16:57:40.962Z
Method: DELETE
Path: /mcp
IP Address: ::ffff:127.0.0.1
User-Agent: ElevenLabs/1.0
========================

Destroying session: 2de0b0b4-daf2-4646-915a-bffc57023789

=== Incoming Query ===
Timestamp: 2026-01-18T16:59:13.566Z
Method: GET
Path: /
IP Address: ::ffff:66.132.153.139
User-Agent: Mozilla/5.0 (compatible; CensysInspect/1.1; +https://about.censys.io/)
========================


=== Incoming Query ===
Timestamp: 2026-01-18T16:59:14.957Z
Method: GET
Path: /pdown
IP Address: ::ffff:66.132.153.139
User-Agent: Mozilla/5.0 (compatible; CensysInspect/1.1; +https://about.censys.io/)
========================


=== Incoming Query ===
Timestamp: 2026-01-18T16:59:19.966Z
Method: GET
Path: /security.txt
IP Address: ::ffff:66.132.153.139
User-Agent: Mozilla/5.0 (compatible; CensysInspect/1.1; +https://about.censys.io/)
========================


=== Incoming Query ===
Timestamp: 2026-01-18T17:00:13.637Z
Method: GET
Path: /mcp
IP Address: ::ffff:127.0.0.1
User-Agent: ElevenLabs/1.0
========================


=== Incoming Query ===
Timestamp: 2026-01-18T17:00:14.563Z
Method: DELETE
Path: /mcp
IP Address: ::ffff:127.0.0.1
User-Agent: ElevenLabs/1.0
========================

Destroying session: d856d586-de00-4aff-af2f-ed1bb1c4de01

=== Incoming Query ===
Timestamp: 2026-01-18T17:00:15.514Z
Method: GET
Path: /mcp
IP Address: ::ffff:127.0.0.1
User-Agent: ElevenLabs/1.0
========================


=== Incoming Query ===
Timestamp: 2026-01-18T17:00:16.418Z
Method: DELETE
Path: /mcp
IP Address: ::ffff:127.0.0.1
User-Agent: ElevenLabs/1.0
========================

Destroying session: 81ac8051-9ee9-4138-8ea5-a901b262260b

=== Incoming Query ===
Timestamp: 2026-01-18T17:00:31.715Z
Method: GET
Path: /mcp
IP Address: ::ffff:127.0.0.1
User-Agent: ElevenLabs/1.0
========================


=== Incoming Query ===
Timestamp: 2026-01-18T17:00:32.192Z
Method: POST
Path: /mcp
Request Body: {
  "method": "tools/call",
  "params": {
    "name": "get_user_details",
    "arguments": {
      "mobile_number": "919899807889"
    }
  },
  "jsonrpc": "2.0",
  "id": 1
}
IP Address: ::ffff:127.0.0.1
User-Agent: ElevenLabs/1.0
========================

✓ Database connected
Tool call: get_user_details {
  input: { mobile_number: '919899807889' },
  output: { content: [ [Object] ] },
  queryResponse: {
    user_id: '919899807889',
    created_at: 2026-01-15T20:06:08.161Z,
    updated_at: 2026-01-15T20:06:08.595Z,
    name: 'Shrey Pandey',
    bio: "I'm just a fun guy",
    persona_json: null,
    locality_id: '1',
    conversation_id: 'conv_696948b06b28819088d77c4bb528576b0be52f053d8f6247',
    id: 'bd0d1d23-2d6d-4612-bcf2-8328c3d92066',
    connections: []
  }
}

=== Incoming Query ===
Timestamp: 2026-01-18T17:00:32.682Z
Method: DELETE
Path: /mcp
IP Address: ::ffff:127.0.0.1
User-Agent: ElevenLabs/1.0
========================

Destroying session: 089eab83-ba0e-4a29-ad30-1d6a4cb8c566

=== Incoming Query ===
Timestamp: 2026-01-18T17:00:33.838Z
Method: GET
Path: /mcp
IP Address: ::ffff:127.0.0.1
User-Agent: ElevenLabs/1.0
========================


=== Incoming Query ===
Timestamp: 2026-01-18T17:00:34.767Z
Method: DELETE
Path: /mcp
IP Address: ::ffff:127.0.0.1
User-Agent: ElevenLabs/1.0
========================

Destroying session: 50509027-61cb-4b1a-b0a8-74fcb9214ef3

=== Incoming Query ===
Timestamp: 2026-01-18T17:01:48.442Z
Method: GET
Path: /mcp
IP Address: ::ffff:127.0.0.1
User-Agent: ElevenLabs/1.0
========================


=== Incoming Query ===
Timestamp: 2026-01-18T17:01:49.367Z
Method: DELETE
Path: /mcp
IP Address: ::ffff:127.0.0.1
User-Agent: ElevenLabs/1.0
========================

Destroying session: 41cf7392-9d0d-4825-b376-71267db32a2c

=== Incoming Query ===
Timestamp: 2026-01-18T17:01:51.226Z
Method: GET
Path: /mcp
IP Address: ::ffff:127.0.0.1
User-Agent: ElevenLabs/1.0
========================


=== Incoming Query ===
Timestamp: 2026-01-18T17:01:52.147Z
Method: DELETE
Path: /mcp
IP Address: ::ffff:127.0.0.1
User-Agent: ElevenLabs/1.0
========================

Destroying session: b0ce95ef-57ac-46b3-9783-686956f06fcc

=== Incoming Query ===
Timestamp: 2026-01-18T17:01:53.129Z
Method: GET
Path: /mcp
IP Address: ::ffff:127.0.0.1
User-Agent: ElevenLabs/1.0
========================


=== Incoming Query ===
Timestamp: 2026-01-18T17:01:54.064Z
Method: DELETE
Path: /mcp
IP Address: ::ffff:127.0.0.1
User-Agent: ElevenLabs/1.0
========================

Destroying session: cc994535-09bc-4c1c-99dc-a04c46438e71

=== Incoming Query ===
Timestamp: 2026-01-18T17:01:56.353Z
Method: GET
Path: /mcp
IP Address: ::ffff:127.0.0.1
User-Agent: ElevenLabs/1.0
========================


=== Incoming Query ===
Timestamp: 2026-01-18T17:01:56.815Z
Method: POST
Path: /mcp
Request Body: {
  "method": "tools/call",
  "params": {
    "name": "get_activity_venue_maps",
    "arguments": {
      "userId": 9899807889,
      "datetime": "2026-01-19T18:00:00Z"
    }
  },
  "jsonrpc": "2.0",
  "id": 1
}
IP Address: ::ffff:127.0.0.1
User-Agent: ElevenLabs/1.0
========================

✓ Database connected
Tool call: get_activity_venue_maps {
  input: { userId: 9899807889, datetime: '2026-01-19T18:00:00Z' },
  output: { content: [ [Object] ] },
  queryResponse: []
}

=== Incoming Query ===
Timestamp: 2026-01-18T17:01:57.320Z
Method: DELETE
Path: /mcp
IP Address: ::ffff:127.0.0.1
User-Agent: ElevenLabs/1.0
========================

Destroying session: aa56fc6f-0b46-4f1a-9fbc-b9e925da186b

=== Incoming Query ===
Timestamp: 2026-01-18T17:02:58.511Z
Method: GET
Path: /mcp
IP Address: ::ffff:127.0.0.1
User-Agent: ElevenLabs/1.0
========================


=== Incoming Query ===
Timestamp: 2026-01-18T17:02:59.433Z
Method: DELETE
Path: /mcp
IP Address: ::ffff:127.0.0.1
User-Agent: ElevenLabs/1.0
========================

Destroying session: 6dfa639a-c930-409b-9cbd-336d5259881d

=== Incoming Query ===
Timestamp: 2026-01-18T18:55:00.781Z
Method: GET
Path: /
IP Address: ::ffff:40.124.172.78
User-Agent: Mozilla/5.0 zgrab/0.x
========================


=== Incoming Query ===
Timestamp: 2026-01-18T19:34:47.276Z
Method: GET
Path: /mcp
IP Address: ::ffff:127.0.0.1
User-Agent: ElevenLabs/1.0
========================


=== Incoming Query ===
Timestamp: 2026-01-18T19:34:48.200Z
Method: DELETE
Path: /mcp
IP Address: ::ffff:127.0.0.1
User-Agent: ElevenLabs/1.0
========================

Destroying session: 0f1de794-18f5-4924-a998-0a6af2bb447a

=== Incoming Query ===
Timestamp: 2026-01-18T19:35:02.197Z
Method: GET
Path: /mcp
IP Address: ::ffff:127.0.0.1
User-Agent: ElevenLabs/1.0
========================


=== Incoming Query ===
Timestamp: 2026-01-18T19:35:03.110Z
Method: DELETE
Path: /mcp
IP Address: ::ffff:127.0.0.1
User-Agent: ElevenLabs/1.0
========================

Destroying session: e1717d25-bdb9-48b5-b327-5ba19833abdb

=== Incoming Query ===
Timestamp: 2026-01-18T19:35:58.794Z
Method: GET
Path: /mcp
IP Address: ::ffff:127.0.0.1
User-Agent: ElevenLabs/1.0
========================


=== Incoming Query ===
Timestamp: 2026-01-18T19:35:59.706Z
Method: DELETE
Path: /mcp
IP Address: ::ffff:127.0.0.1
User-Agent: ElevenLabs/1.0
========================

Destroying session: da00de7a-eb30-4d88-bef3-ee86b532793b

=== Incoming Query ===
Timestamp: 2026-01-18T19:36:28.607Z
Method: GET
Path: /mcp
IP Address: ::ffff:127.0.0.1
User-Agent: ElevenLabs/1.0
========================


=== Incoming Query ===
Timestamp: 2026-01-18T19:36:29.542Z
Method: DELETE
Path: /mcp
IP Address: ::ffff:127.0.0.1
User-Agent: ElevenLabs/1.0
========================

Destroying session: 5ab6041a-2691-4933-a076-ea9958280a44

=== Incoming Query ===
Timestamp: 2026-01-18T19:36:30.495Z
Method: GET
Path: /mcp
IP Address: ::ffff:127.0.0.1
User-Agent: ElevenLabs/1.0
========================


=== Incoming Query ===
Timestamp: 2026-01-18T19:36:31.421Z
Method: DELETE
Path: /mcp
IP Address: ::ffff:127.0.0.1
User-Agent: ElevenLabs/1.0
========================

Destroying session: dda7dbf8-54c6-46fd-b6ab-a6500cad260f

=== Incoming Query ===
Timestamp: 2026-01-18T19:40:32.567Z
Method: GET
Path: /mcp
IP Address: ::ffff:127.0.0.1
User-Agent: ElevenLabs/1.0
========================


=== Incoming Query ===
Timestamp: 2026-01-18T19:40:33.493Z
Method: DELETE
Path: /mcp
IP Address: ::ffff:127.0.0.1
User-Agent: ElevenLabs/1.0
========================

Destroying session: d6e4926a-1a9b-47de-94d6-b7ddbcaff459

=== Incoming Query ===
Timestamp: 2026-01-18T19:40:36.917Z
Method: GET
Path: /mcp
IP Address: ::ffff:127.0.0.1
User-Agent: ElevenLabs/1.0
========================


=== Incoming Query ===
Timestamp: 2026-01-18T19:40:37.847Z
Method: DELETE
Path: /mcp
IP Address: ::ffff:127.0.0.1
User-Agent: ElevenLabs/1.0
========================

Destroying session: e681e815-8be9-4685-bf5d-8f56c1c3a9cd

=== Incoming Query ===
Timestamp: 2026-01-18T19:41:14.318Z
Method: GET
Path: /mcp
IP Address: ::ffff:127.0.0.1
User-Agent: ElevenLabs/1.0
========================


=== Incoming Query ===
Timestamp: 2026-01-18T19:41:15.248Z
Method: DELETE
Path: /mcp
IP Address: ::ffff:127.0.0.1
User-Agent: ElevenLabs/1.0
========================

Destroying session: 99016562-31a3-4926-8ba4-dde37198c2e5

=== Incoming Query ===
Timestamp: 2026-01-18T19:41:16.227Z
Method: GET
Path: /mcp
IP Address: ::ffff:127.0.0.1
User-Agent: ElevenLabs/1.0
========================


=== Incoming Query ===
Timestamp: 2026-01-18T19:41:17.150Z
Method: DELETE
Path: /mcp
IP Address: ::ffff:127.0.0.1
User-Agent: ElevenLabs/1.0
========================

Destroying session: a4e65972-e707-4039-8c4d-f30c709df132

=== Incoming Query ===
Timestamp: 2026-01-18T19:41:59.632Z
Method: GET
Path: /mcp
IP Address: ::ffff:127.0.0.1
User-Agent: ElevenLabs/1.0
========================


=== Incoming Query ===
Timestamp: 2026-01-18T19:42:00.087Z
Method: POST
Path: /mcp
Request Body: {
  "method": "tools/call",
  "params": {
    "name": "get_user_details",
    "arguments": {
      "mobile_number": "919899807889"
    }
  },
  "jsonrpc": "2.0",
  "id": 1
}
IP Address: ::ffff:127.0.0.1
User-Agent: ElevenLabs/1.0
========================

✓ Database connected
Tool call: get_user_details {
  input: { mobile_number: '919899807889' },
  output: { content: [ [Object] ] },
  queryResponse: {
    user_id: '919899807889',
    created_at: 2026-01-15T20:06:08.161Z,
    updated_at: 2026-01-15T20:06:08.595Z,
    name: 'Shrey Pandey',
    bio: "I'm just a fun guy",
    persona_json: null,
    locality_id: '1',
    conversation_id: 'conv_696948b06b28819088d77c4bb528576b0be52f053d8f6247',
    id: 'bd0d1d23-2d6d-4612-bcf2-8328c3d92066',
    connections: []
  }
}

=== Incoming Query ===
Timestamp: 2026-01-18T19:42:00.637Z
Method: DELETE
Path: /mcp
IP Address: ::ffff:127.0.0.1
User-Agent: ElevenLabs/1.0
========================

Destroying session: 9b5383fb-5bcd-44c6-9c1a-f04005638327

=== Incoming Query ===
Timestamp: 2026-01-18T19:42:01.797Z
Method: GET
Path: /mcp
IP Address: ::ffff:127.0.0.1
User-Agent: ElevenLabs/1.0
========================


=== Incoming Query ===
Timestamp: 2026-01-18T19:42:02.726Z
Method: DELETE
Path: /mcp
IP Address: ::ffff:127.0.0.1
User-Agent: ElevenLabs/1.0
========================

Destroying session: 05a556f6-daf9-4fc5-aafb-6393f6b28804

=== Incoming Query ===
Timestamp: 2026-01-18T19:42:52.422Z
Method: GET
Path: /mcp
IP Address: ::ffff:127.0.0.1
User-Agent: ElevenLabs/1.0
========================


=== Incoming Query ===
Timestamp: 2026-01-18T19:42:53.342Z
Method: DELETE
Path: /mcp
IP Address: ::ffff:127.0.0.1
User-Agent: ElevenLabs/1.0
========================

Destroying session: 6a603c99-2a37-4e0e-9ec1-a1f3e8f4b62a

=== Incoming Query ===
Timestamp: 2026-01-18T19:43:04.627Z
Method: GET
Path: /mcp
IP Address: ::ffff:127.0.0.1
User-Agent: ElevenLabs/1.0
========================


=== Incoming Query ===
Timestamp: 2026-01-18T19:43:05.564Z
Method: DELETE
Path: /mcp
IP Address: ::ffff:127.0.0.1
User-Agent: ElevenLabs/1.0
========================

Destroying session: bce1d904-c4a2-4daf-8200-b8b877e87617

=== Incoming Query ===
Timestamp: 2026-01-18T19:43:08.910Z
Method: GET
Path: /mcp
IP Address: ::ffff:127.0.0.1
User-Agent: ElevenLabs/1.0
========================


=== Incoming Query ===
Timestamp: 2026-01-18T19:43:09.852Z
Method: DELETE
Path: /mcp
IP Address: ::ffff:127.0.0.1
User-Agent: ElevenLabs/1.0
========================

Destroying session: 4013af33-4717-4394-8f4b-ff91a81da184

=== Incoming Query ===
Timestamp: 2026-01-18T19:43:10.811Z
Method: GET
Path: /mcp
IP Address: ::ffff:127.0.0.1
User-Agent: ElevenLabs/1.0
========================


=== Incoming Query ===
Timestamp: 2026-01-18T19:43:11.728Z
Method: DELETE
Path: /mcp
IP Address: ::ffff:127.0.0.1
User-Agent: ElevenLabs/1.0
========================

Destroying session: 1cf3c241-16fa-4813-9c86-31f7c722c016

=== Incoming Query ===
Timestamp: 2026-01-18T19:43:13.209Z
Method: GET
Path: /mcp
IP Address: ::ffff:127.0.0.1
User-Agent: ElevenLabs/1.0
========================


=== Incoming Query ===
Timestamp: 2026-01-18T19:43:13.655Z
Method: POST
Path: /mcp
Request Body: {
  "method": "tools/call",
  "params": {
    "name": "get_activity_venue_maps",
    "arguments": {
      "userId": 9899807889,
      "datetime": "2026-01-20T20:00:00Z"
    }
  },
  "jsonrpc": "2.0",
  "id": 1
}
IP Address: ::ffff:127.0.0.1
User-Agent: ElevenLabs/1.0
========================

✓ Database connected
Tool call: get_activity_venue_maps {
  input: { userId: 9899807889, datetime: '2026-01-20T20:00:00Z' },
  output: { content: [ [Object] ] },
  queryResponse: []
}

=== Incoming Query ===
Timestamp: 2026-01-18T19:43:14.150Z
Method: DELETE
Path: /mcp
IP Address: ::ffff:127.0.0.1
User-Agent: ElevenLabs/1.0
========================

Destroying session: e81954e4-31ee-4a07-a544-e784cc84cd5c

=== Incoming Query ===
Timestamp: 2026-01-18T19:43:15.335Z
Method: GET
Path: /mcp
IP Address: ::ffff:127.0.0.1
User-Agent: ElevenLabs/1.0
========================


=== Incoming Query ===
Timestamp: 2026-01-18T19:43:16.257Z
Method: DELETE
Path: /mcp
IP Address: ::ffff:127.0.0.1
User-Agent: ElevenLabs/1.0
========================

Destroying session: 2769d6dc-ddea-49e1-9913-071f4de7f308

=== Incoming Query ===
Timestamp: 2026-01-18T19:43:44.956Z
Method: GET
Path: /mcp
IP Address: ::ffff:127.0.0.1
User-Agent: ElevenLabs/1.0
========================


=== Incoming Query ===
Timestamp: 2026-01-18T19:43:45.877Z
Method: DELETE
Path: /mcp
IP Address: ::ffff:127.0.0.1
User-Agent: ElevenLabs/1.0
========================

Destroying session: 8b77cba6-c549-4a05-801b-81ca8fd6c23e

=== Incoming Query ===
Timestamp: 2026-01-18T19:44:22.594Z
Method: GET
Path: /mcp
IP Address: ::ffff:127.0.0.1
User-Agent: ElevenLabs/1.0
========================


=== Incoming Query ===
Timestamp: 2026-01-18T19:44:23.509Z
Method: DELETE
Path: /mcp
IP Address: ::ffff:127.0.0.1
User-Agent: ElevenLabs/1.0
========================

Destroying session: 590321bc-c381-4536-8080-39085dcf5a72

=== Incoming Query ===
Timestamp: 2026-01-18T19:44:24.531Z
Method: GET
Path: /mcp
IP Address: ::ffff:127.0.0.1
User-Agent: ElevenLabs/1.0
========================


=== Incoming Query ===
Timestamp: 2026-01-18T19:44:25.441Z
Method: DELETE
Path: /mcp
IP Address: ::ffff:127.0.0.1
User-Agent: ElevenLabs/1.0
========================

Destroying session: b49013e7-5f19-4daa-a617-342162ec0710

=== Incoming Query ===
Timestamp: 2026-01-18T19:44:33.182Z
Method: GET
Path: /mcp
IP Address: ::ffff:127.0.0.1
User-Agent: ElevenLabs/1.0
========================


=== Incoming Query ===
Timestamp: 2026-01-18T19:44:33.643Z
Method: POST
Path: /mcp
Request Body: {
  "method": "tools/call",
  "params": {
    "name": "get_user_details",
    "arguments": {
      "mobile_number": "919899807889"
    }
  },
  "jsonrpc": "2.0",
  "id": 1
}
IP Address: ::ffff:127.0.0.1
User-Agent: ElevenLabs/1.0
========================

✓ Database connected
Tool call: get_user_details {
  input: { mobile_number: '919899807889' },
  output: { content: [ [Object] ] },
  queryResponse: {
    user_id: '919899807889',
    created_at: 2026-01-15T20:06:08.161Z,
    updated_at: 2026-01-15T20:06:08.595Z,
    name: 'Shrey Pandey',
    bio: "I'm just a fun guy",
    persona_json: null,
    locality_id: '1',
    conversation_id: 'conv_696948b06b28819088d77c4bb528576b0be52f053d8f6247',
    id: 'bd0d1d23-2d6d-4612-bcf2-8328c3d92066',
    connections: []
  }
}

=== Incoming Query ===
Timestamp: 2026-01-18T19:44:34.124Z
Method: DELETE
Path: /mcp
IP Address: ::ffff:127.0.0.1
User-Agent: ElevenLabs/1.0
========================

Destroying session: 6d4351d0-2af7-4caf-a485-182a7996a103

=== Incoming Query ===
Timestamp: 2026-01-18T19:44:35.389Z
Method: GET
Path: /mcp
IP Address: ::ffff:127.0.0.1
User-Agent: ElevenLabs/1.0
========================


=== Incoming Query ===
Timestamp: 2026-01-18T19:44:36.329Z
Method: DELETE
Path: /mcp
IP Address: ::ffff:127.0.0.1
User-Agent: ElevenLabs/1.0
========================

Destroying session: 85f72264-cf07-4acd-abad-c461498e3cc2

=== Incoming Query ===
Timestamp: 2026-01-18T19:44:38.608Z
Method: GET
Path: /mcp
IP Address: ::ffff:127.0.0.1
User-Agent: ElevenLabs/1.0
========================


=== Incoming Query ===
Timestamp: 2026-01-18T19:44:39.526Z
Method: DELETE
Path: /mcp
IP Address: ::ffff:127.0.0.1
User-Agent: ElevenLabs/1.0
========================

Destroying session: 477bb3be-2089-4412-b113-d5dd6d4d9435

=== Incoming Query ===
Timestamp: 2026-01-18T19:44:40.513Z
Method: GET
Path: /mcp
IP Address: ::ffff:127.0.0.1
User-Agent: ElevenLabs/1.0
========================


=== Incoming Query ===
Timestamp: 2026-01-18T19:44:41.434Z
Method: DELETE
Path: /mcp
IP Address: ::ffff:127.0.0.1
User-Agent: ElevenLabs/1.0
========================

Destroying session: 0a2df8c1-660c-4e7f-a862-a7489fba16e4

=== Incoming Query ===
Timestamp: 2026-01-18T19:44:42.693Z
Method: GET
Path: /mcp
IP Address: ::ffff:127.0.0.1
User-Agent: ElevenLabs/1.0
========================


=== Incoming Query ===
Timestamp: 2026-01-18T19:44:43.169Z
Method: POST
Path: /mcp
Request Body: {
  "method": "tools/call",
  "params": {
    "name": "get_user_persona",
    "arguments": {
      "userId": 9899807889
    }
  },
  "jsonrpc": "2.0",
  "id": 1
}
IP Address: ::ffff:127.0.0.1
User-Agent: ElevenLabs/1.0
========================

Tool call: get_user_persona {
  input: { userId: 9899807889 },
  output: { content: [ [Object] ], isError: true },
  queryResponse: null
}

=== Incoming Query ===
Timestamp: 2026-01-18T19:44:43.629Z
Method: DELETE
Path: /mcp
IP Address: ::ffff:127.0.0.1
User-Agent: ElevenLabs/1.0
========================

Destroying session: 87b49a57-e5ee-420a-ae6d-11cfabde01be

=== Incoming Query ===
Timestamp: 2026-01-18T19:44:44.860Z
Method: GET
Path: /mcp
IP Address: ::ffff:127.0.0.1
User-Agent: ElevenLabs/1.0
========================


=== Incoming Query ===
Timestamp: 2026-01-18T19:44:45.800Z
Method: DELETE
Path: /mcp
IP Address: ::ffff:127.0.0.1
User-Agent: ElevenLabs/1.0
========================

Destroying session: fafcc7f4-7d96-4a1d-99a0-236e9157d3f5

=== Incoming Query ===
Timestamp: 2026-01-18T20:12:10.697Z
Method: GET
Path: /mcp
IP Address: ::ffff:127.0.0.1
User-Agent: ElevenLabs/1.0
========================


=== Incoming Query ===
Timestamp: 2026-01-18T20:12:11.601Z
Method: DELETE
Path: /mcp
IP Address: ::ffff:127.0.0.1
User-Agent: ElevenLabs/1.0
========================

Destroying session: a386e342-62d9-4919-9cef-d434aacb90ce

=== Incoming Query ===
Timestamp: 2026-01-18T20:12:12.587Z
Method: GET
Path: /mcp
IP Address: ::ffff:127.0.0.1
User-Agent: ElevenLabs/1.0
========================


=== Incoming Query ===
Timestamp: 2026-01-18T20:12:13.509Z
Method: DELETE
Path: /mcp
IP Address: ::ffff:127.0.0.1
User-Agent: ElevenLabs/1.0
========================

Destroying session: 37ae0f74-f8f8-4b81-a696-65c12dc8bc1d

=== Incoming Query ===
Timestamp: 2026-01-18T20:12:23.081Z
Method: GET
Path: /mcp
IP Address: ::ffff:127.0.0.1
User-Agent: ElevenLabs/1.0
========================


=== Incoming Query ===
Timestamp: 2026-01-18T20:12:23.542Z
Method: POST
Path: /mcp
Request Body: {
  "method": "tools/call",
  "params": {
    "name": "get_user_details",
    "arguments": {
      "mobile_number": "919560665112"
    }
  },
  "jsonrpc": "2.0",
  "id": 1
}
IP Address: ::ffff:127.0.0.1
User-Agent: ElevenLabs/1.0
========================

✓ Database connected
Tool call: get_user_details {
  input: { mobile_number: '919560665112' },
  output: { content: [ [Object] ], isError: true },
  queryResponse: null
}

=== Incoming Query ===
Timestamp: 2026-01-18T20:12:24.027Z
Method: DELETE
Path: /mcp
IP Address: ::ffff:127.0.0.1
User-Agent: ElevenLabs/1.0
========================

Destroying session: bc214f04-ed6d-41f6-9d97-e785c2ae52f4

=== Incoming Query ===
Timestamp: 2026-01-18T20:12:25.258Z
Method: GET
Path: /mcp
IP Address: ::ffff:127.0.0.1
User-Agent: ElevenLabs/1.0
========================


=== Incoming Query ===
Timestamp: 2026-01-18T20:12:26.205Z
Method: DELETE
Path: /mcp
IP Address: ::ffff:127.0.0.1
User-Agent: ElevenLabs/1.0
========================

Destroying session: 9ef17ea3-4fd0-4a7b-ae21-2fb4ae819b28

=== Incoming Query ===
Timestamp: 2026-01-18T20:12:28.249Z
Method: GET
Path: /mcp
IP Address: ::ffff:127.0.0.1
User-Agent: ElevenLabs/1.0
========================


=== Incoming Query ===
Timestamp: 2026-01-18T20:12:29.184Z
Method: DELETE
Path: /mcp
IP Address: ::ffff:127.0.0.1
User-Agent: ElevenLabs/1.0
========================

Destroying session: 34ecbe08-e362-465a-a4cf-b86eb4cd92ea

=== Incoming Query ===
Timestamp: 2026-01-18T20:12:30.144Z
Method: GET
Path: /mcp
IP Address: ::ffff:127.0.0.1
User-Agent: ElevenLabs/1.0
========================


=== Incoming Query ===
Timestamp: 2026-01-18T20:12:31.080Z
Method: DELETE
Path: /mcp
IP Address: ::ffff:127.0.0.1
User-Agent: ElevenLabs/1.0
========================

Destroying session: a74e01e3-3157-4ffb-959a-f04db343d610

=== Incoming Query ===
Timestamp: 2026-01-18T20:14:19.048Z
Method: GET
Path: /mcp
IP Address: ::ffff:127.0.0.1
User-Agent: ElevenLabs/1.0
========================


=== Incoming Query ===
Timestamp: 2026-01-18T20:14:19.976Z
Method: DELETE
Path: /mcp
IP Address: ::ffff:127.0.0.1
User-Agent: ElevenLabs/1.0
========================

Destroying session: 32582a48-39fb-464f-921f-0845cdfbdcba

=== Incoming Query ===
Timestamp: 2026-01-18T20:14:26.111Z
Method: GET
Path: /mcp
IP Address: ::ffff:127.0.0.1
User-Agent: ElevenLabs/1.0
========================


=== Incoming Query ===
Timestamp: 2026-01-18T20:14:27.056Z
Method: DELETE
Path: /mcp
IP Address: ::ffff:127.0.0.1
User-Agent: ElevenLabs/1.0
========================

Destroying session: f3e98d67-c459-4141-a89a-257fcc476609

=== Incoming Query ===
Timestamp: 2026-01-18T20:14:28.009Z
Method: GET
Path: /mcp
IP Address: ::ffff:127.0.0.1
User-Agent: ElevenLabs/1.0
========================


=== Incoming Query ===
Timestamp: 2026-01-18T20:14:28.930Z
Method: DELETE
Path: /mcp
IP Address: ::ffff:127.0.0.1
User-Agent: ElevenLabs/1.0
========================

Destroying session: 2ac9b631-48b0-4a46-86b7-9e865051dafb

=== Incoming Query ===
Timestamp: 2026-01-18T20:14:30.150Z
Method: GET
Path: /mcp
IP Address: ::ffff:127.0.0.1
User-Agent: ElevenLabs/1.0
========================


=== Incoming Query ===
Timestamp: 2026-01-18T20:14:31.082Z
Method: DELETE
Path: /mcp
IP Address: ::ffff:127.0.0.1
User-Agent: ElevenLabs/1.0
========================

Destroying session: 948954d6-c4b5-49c9-8351-e160e4481ee0

=== Incoming Query ===
Timestamp: 2026-01-18T20:14:38.603Z
Method: GET
Path: /mcp
IP Address: ::ffff:127.0.0.1
User-Agent: ElevenLabs/1.0
========================


=== Incoming Query ===
Timestamp: 2026-01-18T20:14:39.532Z
Method: DELETE
Path: /mcp
IP Address: ::ffff:127.0.0.1
User-Agent: ElevenLabs/1.0
========================

Destroying session: 0814fc52-430c-414c-9c53-43ec71d60920

=== Incoming Query ===
Timestamp: 2026-01-18T20:14:41.152Z
Method: GET
Path: /mcp
IP Address: ::ffff:127.0.0.1
User-Agent: ElevenLabs/1.0
========================


=== Incoming Query ===
Timestamp: 2026-01-18T20:14:42.077Z
Method: DELETE
Path: /mcp
IP Address: ::ffff:127.0.0.1
User-Agent: ElevenLabs/1.0
========================

Destroying session: a2f6138b-177e-46c8-99f0-b28503085fcb

=== Incoming Query ===
Timestamp: 2026-01-18T20:14:43.046Z
Method: GET
Path: /mcp
IP Address: ::ffff:127.0.0.1
User-Agent: ElevenLabs/1.0
========================


=== Incoming Query ===
Timestamp: 2026-01-18T20:14:43.987Z
Method: DELETE
Path: /mcp
IP Address: ::ffff:127.0.0.1
User-Agent: ElevenLabs/1.0
========================

Destroying session: 0d131784-9d32-4a5e-8456-dccdea76cf77

=== Incoming Query ===
Timestamp: 2026-01-18T20:14:45.421Z
Method: GET
Path: /mcp
IP Address: ::ffff:127.0.0.1
User-Agent: ElevenLabs/1.0
========================


=== Incoming Query ===
Timestamp: 2026-01-18T20:14:45.893Z
Method: POST
Path: /mcp
Request Body: {
  "method": "tools/call",
  "params": {
    "name": "get_activity_venue_maps",
    "arguments": {
      "userId": "2026-01-19T18:00:00Z"
    }
  },
  "jsonrpc": "2.0",
  "id": 1
}
IP Address: ::ffff:127.0.0.1
User-Agent: ElevenLabs/1.0
========================


=== Incoming Query ===
Timestamp: 2026-01-18T20:14:46.364Z
Method: DELETE
Path: /mcp
IP Address: ::ffff:127.0.0.1
User-Agent: ElevenLabs/1.0
========================

Destroying session: 77e30573-ce93-463f-81dd-7e1e4f7540cf

=== Incoming Query ===
Timestamp: 2026-01-18T20:14:47.792Z
Method: GET
Path: /mcp
IP Address: ::ffff:127.0.0.1
User-Agent: ElevenLabs/1.0
========================


=== Incoming Query ===
Timestamp: 2026-01-18T20:14:48.243Z
Method: POST
Path: /mcp
Request Body: {
  "method": "tools/call",
  "params": {
    "name": "get_activity_venue_maps",
    "arguments": {
      "userId": "2026-01-19T18:00:00Z"
    }
  },
  "jsonrpc": "2.0",
  "id": 1
}
IP Address: ::ffff:127.0.0.1
User-Agent: ElevenLabs/1.0
========================


=== Incoming Query ===
Timestamp: 2026-01-18T20:14:48.740Z
Method: DELETE
Path: /mcp
IP Address: ::ffff:127.0.0.1
User-Agent: ElevenLabs/1.0
========================

Destroying session: eb3b6a45-2929-433b-8307-cc37aaa572a6

=== Incoming Query ===
Timestamp: 2026-01-18T20:14:50.064Z
Method: GET
Path: /mcp
IP Address: ::ffff:127.0.0.1
User-Agent: ElevenLabs/1.0
========================


=== Incoming Query ===
Timestamp: 2026-01-18T20:14:50.518Z
Method: POST
Path: /mcp
Request Body: {
  "method": "tools/call",
  "params": {
    "name": "get_user",
    "arguments": {
      "mobile_number": "919560665112"
    }
  },
  "jsonrpc": "2.0",
  "id": 1
}
IP Address: ::ffff:127.0.0.1
User-Agent: ElevenLabs/1.0
========================

✓ Database connected
Tool call: get_user {
  input: { mobile_number: '919560665112' },
  output: { content: [ [Object] ], isError: true },
  queryResponse: null
}

=== Incoming Query ===
Timestamp: 2026-01-18T20:14:51.010Z
Method: DELETE
Path: /mcp
IP Address: ::ffff:127.0.0.1
User-Agent: ElevenLabs/1.0
========================

Destroying session: c3d10f3e-0016-4e8a-9748-721ec59a3ec0

=== Incoming Query ===
Timestamp: 2026-01-18T20:18:31.645Z
Method: GET
Path: /mcp
IP Address: ::ffff:127.0.0.1
User-Agent: ElevenLabs/1.0
========================


=== Incoming Query ===
Timestamp: 2026-01-18T20:18:32.598Z
Method: DELETE
Path: /mcp
IP Address: ::ffff:127.0.0.1
User-Agent: ElevenLabs/1.0
========================

Destroying session: 9b4ae701-d1f3-44d4-9036-888cc0440e65

=== Incoming Query ===
Timestamp: 2026-01-18T20:22:28.717Z
Method: GET
Path: /mcp
IP Address: ::ffff:127.0.0.1
User-Agent: ElevenLabs/1.0
========================


=== Incoming Query ===
Timestamp: 2026-01-18T20:22:29.650Z
Method: DELETE
Path: /mcp
IP Address: ::ffff:127.0.0.1
User-Agent: ElevenLabs/1.0
========================

Destroying session: 0ddb44d7-e7be-4a88-8a8d-48bdc0aef50c

=== Incoming Query ===
Timestamp: 2026-01-18T20:22:30.618Z
Method: GET
Path: /mcp
IP Address: ::ffff:127.0.0.1
User-Agent: ElevenLabs/1.0
========================


=== Incoming Query ===
Timestamp: 2026-01-18T20:22:31.534Z
Method: DELETE
Path: /mcp
IP Address: ::ffff:127.0.0.1
User-Agent: ElevenLabs/1.0
========================

Destroying session: 612a9807-159b-4575-b4f8-c611589fd17f

=== Incoming Query ===
Timestamp: 2026-01-18T20:22:38.161Z
Method: GET
Path: /mcp
IP Address: ::ffff:127.0.0.1
User-Agent: ElevenLabs/1.0
========================


=== Incoming Query ===
Timestamp: 2026-01-18T20:22:38.624Z
Method: POST
Path: /mcp
Request Body: {
  "method": "tools/call",
  "params": {
    "name": "get_user_details",
    "arguments": {
      "mobile_number": "919560665112"
    }
  },
  "jsonrpc": "2.0",
  "id": 1
}
IP Address: ::ffff:127.0.0.1
User-Agent: ElevenLabs/1.0
========================

✓ Database connected
Tool call: get_user_details {
  input: { mobile_number: '919560665112' },
  output: { content: [ [Object] ], isError: true },
  queryResponse: null
}

=== Incoming Query ===
Timestamp: 2026-01-18T20:22:39.102Z
Method: DELETE
Path: /mcp
IP Address: ::ffff:127.0.0.1
User-Agent: ElevenLabs/1.0
========================

Destroying session: ab3e5278-d426-4f9a-8332-098265ce3f40

=== Incoming Query ===
Timestamp: 2026-01-18T20:22:40.267Z
Method: GET
Path: /mcp
IP Address: ::ffff:127.0.0.1
User-Agent: ElevenLabs/1.0
========================


=== Incoming Query ===
Timestamp: 2026-01-18T20:22:41.193Z
Method: DELETE
Path: /mcp
IP Address: ::ffff:127.0.0.1
User-Agent: ElevenLabs/1.0
========================

Destroying session: 32c37b87-9ca6-47a4-89b0-cdd029c98207

=== Incoming Query ===
Timestamp: 2026-01-18T20:22:43.116Z
Method: GET
Path: /mcp
IP Address: ::ffff:127.0.0.1
User-Agent: ElevenLabs/1.0
========================


=== Incoming Query ===
Timestamp: 2026-01-18T20:22:44.049Z
Method: DELETE
Path: /mcp
IP Address: ::ffff:127.0.0.1
User-Agent: ElevenLabs/1.0
========================

Destroying session: ed31b6a1-0b7d-4f7b-a851-3a0a08ead6c1

=== Incoming Query ===
Timestamp: 2026-01-18T20:22:45.022Z
Method: GET
Path: /mcp
IP Address: ::ffff:127.0.0.1
User-Agent: ElevenLabs/1.0
========================


=== Incoming Query ===
Timestamp: 2026-01-18T20:22:45.937Z
Method: DELETE
Path: /mcp
IP Address: ::ffff:127.0.0.1
User-Agent: ElevenLabs/1.0
========================

Destroying session: 4eb72bc0-6729-4d8b-ba40-e86b8f66d75c

=== Incoming Query ===
Timestamp: 2026-01-18T20:24:13.656Z
Method: GET
Path: /mcp
IP Address: ::ffff:127.0.0.1
User-Agent: ElevenLabs/1.0
========================


=== Incoming Query ===
Timestamp: 2026-01-18T20:24:14.566Z
Method: DELETE
Path: /mcp
IP Address: ::ffff:127.0.0.1
User-Agent: ElevenLabs/1.0
========================

Destroying session: d94745ed-16a8-4116-8c15-cd94e1a0e5e8

=== Incoming Query ===
Timestamp: 2026-01-18T20:24:17.758Z
Method: GET
Path: /mcp
IP Address: ::ffff:127.0.0.1
User-Agent: ElevenLabs/1.0
========================


=== Incoming Query ===
Timestamp: 2026-01-18T20:24:18.707Z
Method: DELETE
Path: /mcp
IP Address: ::ffff:127.0.0.1
User-Agent: ElevenLabs/1.0
========================

Destroying session: 68740410-9303-4456-aacc-8d26cf0fce4a

=== Incoming Query ===
Timestamp: 2026-01-18T20:26:16.108Z
Method: GET
Path: /mcp
IP Address: ::ffff:127.0.0.1
User-Agent: ElevenLabs/1.0
========================


=== Incoming Query ===
Timestamp: 2026-01-18T20:26:17.032Z
Method: DELETE
Path: /mcp
IP Address: ::ffff:127.0.0.1
User-Agent: ElevenLabs/1.0
========================

Destroying session: 0898eb39-7f21-437f-9727-5e11c4354030

=== Incoming Query ===
Timestamp: 2026-01-18T20:26:38.294Z
Method: GET
Path: /mcp
IP Address: ::ffff:127.0.0.1
User-Agent: ElevenLabs/1.0
========================


=== Incoming Query ===
Timestamp: 2026-01-18T20:26:39.222Z
Method: DELETE
Path: /mcp
IP Address: ::ffff:127.0.0.1
User-Agent: ElevenLabs/1.0
========================

Destroying session: 8a8a4397-acac-4513-91ed-83560b734e40

=== Incoming Query ===
Timestamp: 2026-01-18T20:33:52.687Z
Method: GET
Path: /mcp
IP Address: ::ffff:127.0.0.1
User-Agent: ElevenLabs/1.0
========================


=== Incoming Query ===
Timestamp: 2026-01-18T20:33:53.593Z
Method: DELETE
Path: /mcp
IP Address: ::ffff:127.0.0.1
User-Agent: ElevenLabs/1.0
========================

Destroying session: 536ce2d3-bc0d-4740-8166-afe9dd839cbf

=== Incoming Query ===
Timestamp: 2026-01-18T20:33:54.551Z
Method: GET
Path: /mcp
IP Address: ::ffff:127.0.0.1
User-Agent: ElevenLabs/1.0
========================


=== Incoming Query ===
Timestamp: 2026-01-18T20:33:55.484Z
Method: DELETE
Path: /mcp
IP Address: ::ffff:127.0.0.1
User-Agent: ElevenLabs/1.0
========================

Destroying session: c9c0871e-343f-4052-8faa-afe9fbefc22b

=== Incoming Query ===
Timestamp: 2026-01-18T20:34:02.087Z
Method: GET
Path: /mcp
IP Address: ::ffff:127.0.0.1
User-Agent: ElevenLabs/1.0
========================


=== Incoming Query ===
Timestamp: 2026-01-18T20:34:03.045Z
Method: DELETE
Path: /mcp
IP Address: ::ffff:127.0.0.1
User-Agent: ElevenLabs/1.0
========================

Destroying session: ad22b3ee-d718-4714-a7cd-228ea042876a

=== Incoming Query ===
Timestamp: 2026-01-18T20:34:04.001Z
Method: GET
Path: /mcp
IP Address: ::ffff:127.0.0.1
User-Agent: ElevenLabs/1.0
========================


=== Incoming Query ===
Timestamp: 2026-01-18T20:34:04.905Z
Method: DELETE
Path: /mcp
IP Address: ::ffff:127.0.0.1
User-Agent: ElevenLabs/1.0
========================

Destroying session: ab80c534-ff5e-4089-86b5-f7d0d652006b

=== Incoming Query ===
Timestamp: 2026-01-18T20:34:29.559Z
Method: GET
Path: /mcp
IP Address: ::ffff:127.0.0.1
User-Agent: ElevenLabs/1.0
========================


=== Incoming Query ===
Timestamp: 2026-01-18T20:34:30.022Z
Method: POST
Path: /mcp
Request Body: {
  "method": "tools/call",
  "params": {
    "name": "get_user_details",
    "arguments": {
      "mobile_number": "919899807881"
    }
  },
  "jsonrpc": "2.0",
  "id": 1
}
IP Address: ::ffff:127.0.0.1
User-Agent: ElevenLabs/1.0
========================

✓ Database connected
Tool call: get_user_details {
  input: { mobile_number: '919899807881' },
  output: { content: [ [Object] ], isError: true },
  queryResponse: null
}

=== Incoming Query ===
Timestamp: 2026-01-18T20:34:30.566Z
Method: DELETE
Path: /mcp
IP Address: ::ffff:127.0.0.1
User-Agent: ElevenLabs/1.0
========================

Destroying session: 80a5f53c-b116-4dbe-9d80-e7050f71aff9

=== Incoming Query ===
Timestamp: 2026-01-18T20:35:05.237Z
Method: GET
Path: /mcp
IP Address: ::ffff:127.0.0.1
User-Agent: ElevenLabs/1.0
========================


=== Incoming Query ===
Timestamp: 2026-01-18T20:35:06.149Z
Method: DELETE
Path: /mcp
IP Address: ::ffff:127.0.0.1
User-Agent: ElevenLabs/1.0
========================

Destroying session: c6f9ac46-4ffc-47ca-93c3-df3de801dd5b

=== Incoming Query ===
Timestamp: 2026-01-18T20:35:08.190Z
Method: GET
Path: /mcp
IP Address: ::ffff:127.0.0.1
User-Agent: ElevenLabs/1.0
========================


=== Incoming Query ===
Timestamp: 2026-01-18T20:35:09.128Z
Method: DELETE
Path: /mcp
IP Address: ::ffff:127.0.0.1
User-Agent: ElevenLabs/1.0
========================

Destroying session: c106a11d-9322-4c98-bf37-30d39d6e4d44

=== Incoming Query ===
Timestamp: 2026-01-18T20:35:10.112Z
Method: GET
Path: /mcp
IP Address: ::ffff:127.0.0.1
User-Agent: ElevenLabs/1.0
========================


=== Incoming Query ===
Timestamp: 2026-01-18T20:35:11.029Z
Method: DELETE
Path: /mcp
IP Address: ::ffff:127.0.0.1
User-Agent: ElevenLabs/1.0
========================

Destroying session: ebd30402-a9a1-49f3-8425-dd8d6d9d201c

=== Incoming Query ===
Timestamp: 2026-01-18T20:35:12.558Z
Method: GET
Path: /mcp
IP Address: ::ffff:127.0.0.1
User-Agent: ElevenLabs/1.0
========================


=== Incoming Query ===
Timestamp: 2026-01-18T20:35:13.006Z
Method: POST
Path: /mcp
Request Body: {
  "method": "tools/call",
  "params": {
    "name": "get_user",
    "arguments": {
      "mobile_number": "919899807881"
    }
  },
  "jsonrpc": "2.0",
  "id": 1
}
IP Address: ::ffff:127.0.0.1
User-Agent: ElevenLabs/1.0
========================

✓ Database connected
Tool call: get_user {
  input: { mobile_number: '919899807881' },
  output: { content: [ [Object] ], isError: true },
  queryResponse: null
}

=== Incoming Query ===
Timestamp: 2026-01-18T20:35:13.480Z
Method: DELETE
Path: /mcp
IP Address: ::ffff:127.0.0.1
User-Agent: ElevenLabs/1.0
========================

Destroying session: 7c5cee18-9127-46de-a08a-6590f162fa5d

=== Incoming Query ===
Timestamp: 2026-01-18T20:35:25.591Z
Method: GET
Path: /mcp
IP Address: ::ffff:127.0.0.1
User-Agent: ElevenLabs/1.0
========================


=== Incoming Query ===
Timestamp: 2026-01-18T20:35:26.525Z
Method: DELETE
Path: /mcp
IP Address: ::ffff:127.0.0.1
User-Agent: ElevenLabs/1.0
========================

Destroying session: a879e643-2722-4395-b2f5-975b8d5b769b

=== Incoming Query ===
Timestamp: 2026-01-18T20:35:27.470Z
Method: GET
Path: /mcp
IP Address: ::ffff:127.0.0.1
User-Agent: ElevenLabs/1.0
========================


=== Incoming Query ===
Timestamp: 2026-01-18T20:35:28.384Z
Method: DELETE
Path: /mcp
IP Address: ::ffff:127.0.0.1
User-Agent: ElevenLabs/1.0
========================

Destroying session: cae63a9c-6b34-4f2e-ad06-c1bcac61c838

=== Incoming Query ===
Timestamp: 2026-01-18T20:36:06.244Z
Method: GET
Path: /mcp
IP Address: ::ffff:127.0.0.1
User-Agent: ElevenLabs/1.0
========================


=== Incoming Query ===
Timestamp: 2026-01-18T20:36:07.207Z
Method: DELETE
Path: /mcp
IP Address: ::ffff:127.0.0.1
User-Agent: ElevenLabs/1.0
========================

Destroying session: a0c2a7ae-016b-4f75-9273-351fb4cb9575

=== Incoming Query ===
Timestamp: 2026-01-18T20:37:33.569Z
Method: GET
Path: /mcp
IP Address: ::ffff:127.0.0.1
User-Agent: ElevenLabs/1.0
========================


=== Incoming Query ===
Timestamp: 2026-01-18T20:37:34.484Z
Method: DELETE
Path: /mcp
IP Address: ::ffff:127.0.0.1
User-Agent: ElevenLabs/1.0
========================

Destroying session: d36fa53c-d3c0-4685-a017-43a653b935f8

=== Incoming Query ===
Timestamp: 2026-01-18T20:37:35.469Z
Method: GET
Path: /mcp
IP Address: ::ffff:127.0.0.1
User-Agent: ElevenLabs/1.0
========================


=== Incoming Query ===
Timestamp: 2026-01-18T20:37:36.379Z
Method: DELETE
Path: /mcp
IP Address: ::ffff:127.0.0.1
User-Agent: ElevenLabs/1.0
========================

Destroying session: 37e56f98-e47b-447f-a39d-a0f3fea500a2

=== Incoming Query ===
Timestamp: 2026-01-18T20:37:44.411Z
Method: GET
Path: /mcp
IP Address: ::ffff:127.0.0.1
User-Agent: ElevenLabs/1.0
========================


=== Incoming Query ===
Timestamp: 2026-01-18T20:37:44.897Z
Method: POST
Path: /mcp
Request Body: {
  "method": "tools/call",
  "params": {
    "name": "get_user_details",
    "arguments": {
      "mobile_number": "919560665112"
    }
  },
  "jsonrpc": "2.0",
  "id": 1
}
IP Address: ::ffff:127.0.0.1
User-Agent: ElevenLabs/1.0
========================

✓ Database connected
Tool call: get_user_details {
  input: { mobile_number: '919560665112' },
  output: { content: [ [Object] ], isError: true },
  queryResponse: null
}

=== Incoming Query ===
Timestamp: 2026-01-18T20:37:45.379Z
Method: DELETE
Path: /mcp
IP Address: ::ffff:127.0.0.1
User-Agent: ElevenLabs/1.0
========================

Destroying session: 201240ec-d4da-4537-adb5-1f760194080b

=== Incoming Query ===
Timestamp: 2026-01-18T20:37:50.192Z
Method: GET
Path: /mcp
IP Address: ::ffff:127.0.0.1
User-Agent: ElevenLabs/1.0
========================


=== Incoming Query ===
Timestamp: 2026-01-18T20:37:51.094Z
Method: DELETE
Path: /mcp
IP Address: ::ffff:127.0.0.1
User-Agent: ElevenLabs/1.0
========================

Destroying session: cdab1666-59e5-444d-a357-32fefe870ae3

=== Incoming Query ===
Timestamp: 2026-01-18T20:37:53.244Z
Method: GET
Path: /mcp
IP Address: ::ffff:127.0.0.1
User-Agent: ElevenLabs/1.0
========================


=== Incoming Query ===
Timestamp: 2026-01-18T20:37:54.145Z
Method: DELETE
Path: /mcp
IP Address: ::ffff:127.0.0.1
User-Agent: ElevenLabs/1.0
========================

Destroying session: e346f2ad-8cc8-4e9f-9dbb-a30d0a4b7f4f

=== Incoming Query ===
Timestamp: 2026-01-18T20:37:55.106Z
Method: GET
Path: /mcp
IP Address: ::ffff:127.0.0.1
User-Agent: ElevenLabs/1.0
========================


=== Incoming Query ===
Timestamp: 2026-01-18T20:37:56.027Z
Method: DELETE
Path: /mcp
IP Address: ::ffff:127.0.0.1
User-Agent: ElevenLabs/1.0
========================

Destroying session: ff20b6ba-bc17-474e-b7a7-caf976dfdd97

=== Incoming Query ===
Timestamp: 2026-01-18T20:38:56.318Z
Method: GET
Path: /mcp
IP Address: ::ffff:127.0.0.1
User-Agent: ElevenLabs/1.0
========================


=== Incoming Query ===
Timestamp: 2026-01-18T20:38:57.247Z
Method: DELETE
Path: /mcp
IP Address: ::ffff:127.0.0.1
User-Agent: ElevenLabs/1.0
========================

Destroying session: 500d35aa-3919-407f-8526-8cad8f6e3d99

=== Incoming Query ===
Timestamp: 2026-01-18T20:40:02.993Z
Method: GET
Path: /mcp
IP Address: ::ffff:127.0.0.1
User-Agent: ElevenLabs/1.0
========================


=== Incoming Query ===
Timestamp: 2026-01-18T20:40:03.923Z
Method: DELETE
Path: /mcp
IP Address: ::ffff:127.0.0.1
User-Agent: ElevenLabs/1.0
========================

Destroying session: 82b837c6-1147-45ab-ada2-66af197347af

=== Incoming Query ===
Timestamp: 2026-01-18T20:40:04.884Z
Method: GET
Path: /mcp
IP Address: ::ffff:127.0.0.1
User-Agent: ElevenLabs/1.0
========================


=== Incoming Query ===
Timestamp: 2026-01-18T20:40:05.806Z
Method: DELETE
Path: /mcp
IP Address: ::ffff:127.0.0.1
User-Agent: ElevenLabs/1.0
========================

Destroying session: 13b1537f-7b8a-4abb-afc0-7464c22e13b2

=== Incoming Query ===
Timestamp: 2026-01-18T20:40:25.238Z
Method: GET
Path: /mcp
IP Address: ::ffff:127.0.0.1
User-Agent: ElevenLabs/1.0
========================


=== Incoming Query ===
Timestamp: 2026-01-18T20:40:25.685Z
Method: POST
Path: /mcp
Request Body: {
  "method": "tools/call",
  "params": {
    "name": "get_user_details",
    "arguments": {
      "mobile_number": "919560665112"
    }
  },
  "jsonrpc": "2.0",
  "id": 1
}
IP Address: ::ffff:127.0.0.1
User-Agent: ElevenLabs/1.0
========================

✓ Database connected
Tool call: get_user_details {
  input: { mobile_number: '919560665112' },
  output: { content: [ [Object] ], isError: true },
  queryResponse: null
}

=== Incoming Query ===
Timestamp: 2026-01-18T20:40:26.166Z
Method: DELETE
Path: /mcp
IP Address: ::ffff:127.0.0.1
User-Agent: ElevenLabs/1.0
========================

Destroying session: 622fd757-4755-46f9-b453-821ed7e252da

=== Incoming Query ===
Timestamp: 2026-01-18T20:40:30.848Z
Method: GET
Path: /mcp
IP Address: ::ffff:127.0.0.1
User-Agent: ElevenLabs/1.0
========================


=== Incoming Query ===
Timestamp: 2026-01-18T20:40:31.788Z
Method: DELETE
Path: /mcp
IP Address: ::ffff:127.0.0.1
User-Agent: ElevenLabs/1.0
========================

Destroying session: 6c93c41c-7071-43fb-8fc4-b45479474827

=== Incoming Query ===
Timestamp: 2026-01-18T20:40:38.790Z
Method: GET
Path: /mcp
IP Address: ::ffff:127.0.0.1
User-Agent: ElevenLabs/1.0
========================


=== Incoming Query ===
Timestamp: 2026-01-18T20:40:39.717Z
Method: DELETE
Path: /mcp
IP Address: ::ffff:127.0.0.1
User-Agent: ElevenLabs/1.0
========================

Destroying session: e2651584-9c65-4318-bade-664718d3449b

=== Incoming Query ===
Timestamp: 2026-01-18T20:40:40.657Z
Method: GET
Path: /mcp
IP Address: ::ffff:127.0.0.1
User-Agent: ElevenLabs/1.0
========================


=== Incoming Query ===
Timestamp: 2026-01-18T20:40:41.605Z
Method: DELETE
Path: /mcp
IP Address: ::ffff:127.0.0.1
User-Agent: ElevenLabs/1.0
========================

Destroying session: 32d4972f-f9de-4ba2-a473-202b2c6be182

=== Incoming Query ===
Timestamp: 2026-01-18T20:40:43.336Z
Method: GET
Path: /mcp
IP Address: ::ffff:127.0.0.1
User-Agent: ElevenLabs/1.0
========================


=== Incoming Query ===
Timestamp: 2026-01-18T20:40:44.242Z
Method: DELETE
Path: /mcp
IP Address: ::ffff:127.0.0.1
User-Agent: ElevenLabs/1.0
========================

Destroying session: 5da0d82e-58fb-4790-b239-b543f3f454b5

=== Incoming Query ===
Timestamp: 2026-01-18T20:40:49.942Z
Method: GET
Path: /mcp
IP Address: ::ffff:127.0.0.1
User-Agent: ElevenLabs/1.0
========================


=== Incoming Query ===
Timestamp: 2026-01-18T20:40:50.873Z
Method: DELETE
Path: /mcp
IP Address: ::ffff:127.0.0.1
User-Agent: ElevenLabs/1.0
========================

Destroying session: 3f3efc2f-c9dc-404f-8200-1df1d899d225

=== Incoming Query ===
Timestamp: 2026-01-18T20:41:05.433Z
Method: GET
Path: /mcp
IP Address: ::ffff:127.0.0.1
User-Agent: ElevenLabs/1.0
========================


=== Incoming Query ===
Timestamp: 2026-01-18T20:41:06.354Z
Method: DELETE
Path: /mcp
IP Address: ::ffff:127.0.0.1
User-Agent: ElevenLabs/1.0
========================

Destroying session: 737a0ce9-24d3-4170-b442-52c4444a1f52

=== Incoming Query ===
Timestamp: 2026-01-18T20:41:15.331Z
Method: GET
Path: /mcp
IP Address: ::ffff:127.0.0.1
User-Agent: ElevenLabs/1.0
========================


=== Incoming Query ===
Timestamp: 2026-01-18T20:41:16.278Z
Method: DELETE
Path: /mcp
IP Address: ::ffff:127.0.0.1
User-Agent: ElevenLabs/1.0
========================

Destroying session: bb535966-01e8-4ab4-b036-6d8004278ffa

=== Incoming Query ===
Timestamp: 2026-01-18T20:41:58.604Z
Method: GET
Path: /mcp
IP Address: ::ffff:127.0.0.1
User-Agent: ElevenLabs/1.0
========================


=== Incoming Query ===
Timestamp: 2026-01-18T20:41:59.525Z
Method: DELETE
Path: /mcp
IP Address: ::ffff:127.0.0.1
User-Agent: ElevenLabs/1.0
========================

Destroying session: e834ef05-d086-4aef-bf02-ac4c0fe9bf53

=== Incoming Query ===
Timestamp: 2026-01-18T20:42:06.919Z
Method: GET
Path: /mcp
IP Address: ::ffff:127.0.0.1
User-Agent: ElevenLabs/1.0
========================


=== Incoming Query ===
Timestamp: 2026-01-18T20:42:07.846Z
Method: DELETE
Path: /mcp
IP Address: ::ffff:127.0.0.1
User-Agent: ElevenLabs/1.0
========================

Destroying session: cfc339d6-50df-48bf-8468-c35a9bc7fa45

=== Incoming Query ===
Timestamp: 2026-01-18T20:42:25.245Z
Method: GET
Path: /mcp
IP Address: ::ffff:127.0.0.1
User-Agent: ElevenLabs/1.0
========================


=== Incoming Query ===
Timestamp: 2026-01-18T20:42:26.158Z
Method: DELETE
Path: /mcp
IP Address: ::ffff:127.0.0.1
User-Agent: ElevenLabs/1.0
========================

Destroying session: d4560817-deac-4e87-adca-fbb9bd251f6a
Setting up MCP server...
✓ MCP server initialized with streamable HTTP transport
Verifying database connection...
✓ Database connected
✓ Database connection verified
Verifying OpenAI connection...
✓ OpenAI connection verified

🚀 MCP Server (Streamable HTTP)
Server is running on port 3000

📡 MCP Endpoints (Primary):
  POST http://localhost:3000/mcp - Client → Server messages
  GET  http://localhost:3000/mcp - Server → Client streaming (SSE)

📡 Webhook & API Endpoints:
  POST http://localhost:3000/webhook - Periskope webhook events
  GET  http://localhost:3000/health - Health check
  POST http://localhost:3000/api/users
  POST http://localhost:3000/api/users/get
  GET  http://localhost:3000/api/users/:userId/persona
  GET  http://localhost:3000/api/chats/:chatId/messages?offset=0&limit=2000
  GET  http://localhost:3000/api/activity-venue-maps/:id
  POST http://localhost:3000/api/activity-venue-maps
  POST http://localhost:3000/api/send-event-details
✓ Webhook signature verification enabled

✓ MCP server ready and waiting for connections...


=== Incoming Query ===
Timestamp: 2026-01-18T20:42:55.126Z
Method: GET
Path: /mcp
IP Address: ::ffff:127.0.0.1
User-Agent: ElevenLabs/1.0
========================


=== Incoming Query ===
Timestamp: 2026-01-18T20:42:56.034Z
Method: DELETE
Path: /mcp
IP Address: ::ffff:127.0.0.1
User-Agent: ElevenLabs/1.0
========================

Destroying session: b9f91642-b041-4dd1-a218-a8cffea8fb0b

=== Incoming Query ===
Timestamp: 2026-01-18T20:44:02.813Z
Method: GET
Path: /mcp
IP Address: ::ffff:127.0.0.1
User-Agent: ElevenLabs/1.0
========================


=== Incoming Query ===
Timestamp: 2026-01-18T20:44:03.741Z
Method: DELETE
Path: /mcp
IP Address: ::ffff:127.0.0.1
User-Agent: ElevenLabs/1.0
========================

Destroying session: 8f43b533-53fb-4faa-94f2-e1f04aeb8567

=== Incoming Query ===
Timestamp: 2026-01-18T20:44:04.706Z
Method: GET
Path: /mcp
IP Address: ::ffff:127.0.0.1
User-Agent: ElevenLabs/1.0
========================


=== Incoming Query ===
Timestamp: 2026-01-18T20:44:05.642Z
Method: DELETE
Path: /mcp
IP Address: ::ffff:127.0.0.1
User-Agent: ElevenLabs/1.0
========================

Destroying session: 0f387523-c240-4ab5-b21d-24088024924a

=== Incoming Query ===
Timestamp: 2026-01-18T20:44:09.685Z
Method: GET
Path: /mcp
IP Address: ::ffff:127.0.0.1
User-Agent: ElevenLabs/1.0
========================


=== Incoming Query ===
Timestamp: 2026-01-18T20:44:10.148Z
Method: POST
Path: /mcp
Request Body: {
  "method": "tools/call",
  "params": {
    "name": "get_user_details",
    "arguments": {
      "mobile_number": "919560665112"
    }
  },
  "jsonrpc": "2.0",
  "id": 1
}
IP Address: ::ffff:127.0.0.1
User-Agent: ElevenLabs/1.0
========================

✓ Database connected
Tool call: get_user_details {
  input: { mobile_number: '919560665112' },
  output: { content: [ [Object] ], isError: true },
  queryResponse: null
}

=== Incoming Query ===
Timestamp: 2026-01-18T20:44:10.627Z
Method: DELETE
Path: /mcp
IP Address: ::ffff:127.0.0.1
User-Agent: ElevenLabs/1.0
========================

Destroying session: 4aafc9d6-ae12-4fea-8fd1-ae65f8c2122a

=== Incoming Query ===
Timestamp: 2026-01-18T20:44:14.723Z
Method: GET
Path: /mcp
IP Address: ::ffff:127.0.0.1
User-Agent: ElevenLabs/1.0
========================


=== Incoming Query ===
Timestamp: 2026-01-18T20:44:15.648Z
Method: DELETE
Path: /mcp
IP Address: ::ffff:127.0.0.1
User-Agent: ElevenLabs/1.0
========================

Destroying session: 0f1fd4c3-4945-4627-a460-f2901a999885

=== Incoming Query ===
Timestamp: 2026-01-18T20:44:17.852Z
Method: GET
Path: /mcp
IP Address: ::ffff:127.0.0.1
User-Agent: ElevenLabs/1.0
========================


=== Incoming Query ===
Timestamp: 2026-01-18T20:44:18.771Z
Method: DELETE
Path: /mcp
IP Address: ::ffff:127.0.0.1
User-Agent: ElevenLabs/1.0
========================

Destroying session: 99e9f614-6376-4308-97d2-fa10fb7dd40e

=== Incoming Query ===
Timestamp: 2026-01-18T20:44:19.744Z
Method: GET
Path: /mcp
IP Address: ::ffff:127.0.0.1
User-Agent: ElevenLabs/1.0
========================


=== Incoming Query ===
Timestamp: 2026-01-18T20:44:20.657Z
Method: DELETE
Path: /mcp
IP Address: ::ffff:127.0.0.1
User-Agent: ElevenLabs/1.0
========================

Destroying session: 3c3d5b24-ba87-49dc-9098-9c5996f16cbd

=== Incoming Query ===
Timestamp: 2026-01-18T20:44:22.042Z
Method: GET
Path: /mcp
IP Address: ::ffff:127.0.0.1
User-Agent: ElevenLabs/1.0
========================


=== Incoming Query ===
Timestamp: 2026-01-18T20:44:22.500Z
Method: POST
Path: /mcp
Request Body: {
  "method": "tools/call",
  "params": {
    "name": "get_user_details",
    "arguments": {
      "mobile_number": "919560665112"
    }
  },
  "jsonrpc": "2.0",
  "id": 1
}
IP Address: ::ffff:127.0.0.1
User-Agent: ElevenLabs/1.0
========================

✓ Database connected
Tool call: get_user_details {
  input: { mobile_number: '919560665112' },
  output: { content: [ [Object] ], isError: true },
  queryResponse: null
}

=== Incoming Query ===
Timestamp: 2026-01-18T20:44:22.998Z
Method: DELETE
Path: /mcp
IP Address: ::ffff:127.0.0.1
User-Agent: ElevenLabs/1.0
========================

Destroying session: 020ab476-51ba-44ad-8e7e-2dc4a8c09710

=== Incoming Query ===
Timestamp: 2026-01-18T20:45:01.275Z
Method: GET
Path: /mcp
IP Address: ::ffff:127.0.0.1
User-Agent: ElevenLabs/1.0
========================


=== Incoming Query ===
Timestamp: 2026-01-18T20:45:02.201Z
Method: DELETE
Path: /mcp
IP Address: ::ffff:127.0.0.1
User-Agent: ElevenLabs/1.0
========================

Destroying session: 99dfd313-212e-427f-92b1-07215def24b6

=== Incoming Query ===
Timestamp: 2026-01-18T20:46:46.798Z
Method: GET
Path: /mcp
IP Address: ::ffff:127.0.0.1
User-Agent: ElevenLabs/1.0
========================


=== Incoming Query ===
Timestamp: 2026-01-18T20:46:47.724Z
Method: DELETE
Path: /mcp
IP Address: ::ffff:127.0.0.1
User-Agent: ElevenLabs/1.0
========================

Destroying session: 23172023-7851-4003-900a-4ba7300cd7d7

=== Incoming Query ===
Timestamp: 2026-01-18T20:47:43.413Z
Method: GET
Path: /mcp
IP Address: ::ffff:127.0.0.1
User-Agent: ElevenLabs/1.0
========================


=== Incoming Query ===
Timestamp: 2026-01-18T20:47:44.341Z
Method: DELETE
Path: /mcp
IP Address: ::ffff:127.0.0.1
User-Agent: ElevenLabs/1.0
========================

Destroying session: 421ecda2-7355-4118-b76e-f7b1919153e9

=== Incoming Query ===
Timestamp: 2026-01-18T20:47:46.252Z
Method: GET
Path: /mcp
IP Address: ::ffff:127.0.0.1
User-Agent: ElevenLabs/1.0
========================


=== Incoming Query ===
Timestamp: 2026-01-18T20:47:47.176Z
Method: DELETE
Path: /mcp
IP Address: ::ffff:127.0.0.1
User-Agent: ElevenLabs/1.0
========================

Destroying session: bc5230c8-c48a-47c6-b614-1d8256c3a25f

=== Incoming Query ===
Timestamp: 2026-01-18T20:48:01.525Z
Method: GET
Path: /mcp
IP Address: ::ffff:127.0.0.1
User-Agent: ElevenLabs/1.0
========================


=== Incoming Query ===
Timestamp: 2026-01-18T20:48:02.445Z
Method: DELETE
Path: /mcp
IP Address: ::ffff:127.0.0.1
User-Agent: ElevenLabs/1.0
========================

Destroying session: ff31df65-d88a-4fe0-b88f-b1217dbb9fec

=== Incoming Query ===
Timestamp: 2026-01-18T20:49:43.313Z
Method: GET
Path: /mcp
IP Address: ::ffff:127.0.0.1
User-Agent: ElevenLabs/1.0
========================


=== Incoming Query ===
Timestamp: 2026-01-18T20:49:44.225Z
Method: DELETE
Path: /mcp
IP Address: ::ffff:127.0.0.1
User-Agent: ElevenLabs/1.0
========================

Destroying session: f4cb2041-9ecd-4db9-a40b-00329b9f35fb

=== Incoming Query ===
Timestamp: 2026-01-18T20:49:44.766Z
Method: GET
Path: /mcp
IP Address: ::ffff:127.0.0.1
User-Agent: ElevenLabs/1.0
========================


=== Incoming Query ===
Timestamp: 2026-01-18T20:49:45.664Z
Method: DELETE
Path: /mcp
IP Address: ::ffff:127.0.0.1
User-Agent: ElevenLabs/1.0
========================

Destroying session: f945caa4-eda7-476c-a6e2-3ade79df3655

=== Incoming Query ===
Timestamp: 2026-01-18T20:50:03.602Z
Method: GET
Path: /mcp
IP Address: ::ffff:127.0.0.1
User-Agent: ElevenLabs/1.0
========================


=== Incoming Query ===
Timestamp: 2026-01-18T20:50:04.528Z
Method: DELETE
Path: /mcp
IP Address: ::ffff:127.0.0.1
User-Agent: ElevenLabs/1.0
========================

Destroying session: 06260dbb-edee-40c7-ac88-515a4dace1a7

=== Incoming Query ===
Timestamp: 2026-01-18T20:50:14.756Z
Method: GET
Path: /mcp
IP Address: ::ffff:127.0.0.1
User-Agent: ElevenLabs/1.0
========================


=== Incoming Query ===
Timestamp: 2026-01-18T20:50:15.683Z
Method: DELETE
Path: /mcp
IP Address: ::ffff:127.0.0.1
User-Agent: ElevenLabs/1.0
========================

Destroying session: d4dfff1c-4df6-43eb-b513-687ec3f4ac0b

=== Incoming Query ===
Timestamp: 2026-01-18T20:51:59.287Z
Method: GET
Path: /mcp
IP Address: ::ffff:127.0.0.1
User-Agent: ElevenLabs/1.0
========================


=== Incoming Query ===
Timestamp: 2026-01-18T20:52:00.209Z
Method: DELETE
Path: /mcp
IP Address: ::ffff:127.0.0.1
User-Agent: ElevenLabs/1.0
========================

Destroying session: bb625d88-485a-4704-87a9-c8a1ac8d4438

=== Incoming Query ===
Timestamp: 2026-01-18T20:52:01.166Z
Method: GET
Path: /mcp
IP Address: ::ffff:127.0.0.1
User-Agent: ElevenLabs/1.0
========================


=== Incoming Query ===
Timestamp: 2026-01-18T20:52:02.088Z
Method: DELETE
Path: /mcp
IP Address: ::ffff:127.0.0.1
User-Agent: ElevenLabs/1.0
========================

Destroying session: f2907831-2c81-4f41-a6ee-159c1d37cce1

=== Incoming Query ===
Timestamp: 2026-01-18T20:52:08.729Z
Method: GET
Path: /mcp
IP Address: ::ffff:127.0.0.1
User-Agent: ElevenLabs/1.0
========================


=== Incoming Query ===
Timestamp: 2026-01-18T20:52:09.176Z
Method: POST
Path: /mcp
Request Body: {
  "method": "tools/call",
  "params": {
    "name": "get_user_details",
    "arguments": {
      "mobile_number": "919560665112"
    }
  },
  "jsonrpc": "2.0",
  "id": 1
}
IP Address: ::ffff:127.0.0.1
User-Agent: ElevenLabs/1.0
========================

✓ Database connected
Tool call: get_user_details {
  input: { mobile_number: '919560665112' },
  output: { content: [ [Object] ], isError: true },
  queryResponse: null
}

=== Incoming Query ===
Timestamp: 2026-01-18T20:52:09.656Z
Method: DELETE
Path: /mcp
IP Address: ::ffff:127.0.0.1
User-Agent: ElevenLabs/1.0
========================

Destroying session: 47775c98-c664-42c1-b0e5-252d4ff0d558

=== Incoming Query ===
Timestamp: 2026-01-18T20:52:23.501Z
Method: GET
Path: /mcp
IP Address: ::ffff:127.0.0.1
User-Agent: ElevenLabs/1.0
========================


=== Incoming Query ===
Timestamp: 2026-01-18T20:52:24.420Z
Method: DELETE
Path: /mcp
IP Address: ::ffff:127.0.0.1
User-Agent: ElevenLabs/1.0
========================

Destroying session: 88d61c8e-32aa-4795-beb9-93d229d9a9f7

=== Incoming Query ===
Timestamp: 2026-01-18T20:52:47.096Z
Method: GET
Path: /mcp
IP Address: ::ffff:127.0.0.1
User-Agent: ElevenLabs/1.0
========================


=== Incoming Query ===
Timestamp: 2026-01-18T20:52:48.018Z
Method: DELETE
Path: /mcp
IP Address: ::ffff:127.0.0.1
User-Agent: ElevenLabs/1.0
========================

Destroying session: 77b7be5b-1d20-496d-a4cc-0863e8fbf7af

=== Incoming Query ===
Timestamp: 2026-01-18T20:52:48.990Z
Method: GET
Path: /mcp
IP Address: ::ffff:127.0.0.1
User-Agent: ElevenLabs/1.0
========================


=== Incoming Query ===
Timestamp: 2026-01-18T20:52:49.906Z
Method: DELETE
Path: /mcp
IP Address: ::ffff:127.0.0.1
User-Agent: ElevenLabs/1.0
========================

Destroying session: 629e8915-6672-4744-895b-e754614f5f2e

=== Incoming Query ===
Timestamp: 2026-01-18T20:52:57.241Z
Method: GET
Path: /mcp
IP Address: ::ffff:127.0.0.1
User-Agent: ElevenLabs/1.0
========================


=== Incoming Query ===
Timestamp: 2026-01-18T20:52:57.703Z
Method: POST
Path: /mcp
Request Body: {
  "method": "tools/call",
  "params": {
    "name": "get_user_details",
    "arguments": {
      "mobile_number": "919560665112"
    }
  },
  "jsonrpc": "2.0",
  "id": 1
}
IP Address: ::ffff:127.0.0.1
User-Agent: ElevenLabs/1.0
========================

✓ Database connected
Tool call: get_user_details {
  input: { mobile_number: '919560665112' },
  output: { content: [ [Object] ], isError: true },
  queryResponse: null
}

=== Incoming Query ===
Timestamp: 2026-01-18T20:52:58.177Z
Method: DELETE
Path: /mcp
IP Address: ::ffff:127.0.0.1
User-Agent: ElevenLabs/1.0
========================

Destroying session: 01e34a1b-c5f7-4ab9-ae55-8d0072f392c5

=== Incoming Query ===
Timestamp: 2026-01-18T20:53:25.669Z
Method: GET
Path: /mcp
IP Address: ::ffff:127.0.0.1
User-Agent: ElevenLabs/1.0
========================


=== Incoming Query ===
Timestamp: 2026-01-18T20:53:26.573Z
Method: DELETE
Path: /mcp
IP Address: ::ffff:127.0.0.1
User-Agent: ElevenLabs/1.0
========================

Destroying session: cd292e6c-af26-46ed-8b5c-136aa8cb3104

=== Incoming Query ===
Timestamp: 2026-01-18T20:53:29.945Z
Method: GET
Path: /mcp
IP Address: ::ffff:127.0.0.1
User-Agent: ElevenLabs/1.0
========================


=== Incoming Query ===
Timestamp: 2026-01-18T20:53:30.865Z
Method: DELETE
Path: /mcp
IP Address: ::ffff:127.0.0.1
User-Agent: ElevenLabs/1.0
========================

Destroying session: 345f5594-9bc8-40e7-85a7-f55c3a12152e

=== Incoming Query ===
Timestamp: 2026-01-18T20:53:31.811Z
Method: GET
Path: /mcp
IP Address: ::ffff:127.0.0.1
User-Agent: ElevenLabs/1.0
========================


=== Incoming Query ===
Timestamp: 2026-01-18T20:53:32.730Z
Method: DELETE
Path: /mcp
IP Address: ::ffff:127.0.0.1
User-Agent: ElevenLabs/1.0
========================

Destroying session: ef1b2c22-e8fb-468a-8f7e-8f294bc1d1de

=== Incoming Query ===
Timestamp: 2026-01-18T20:53:38.549Z
Method: GET
Path: /mcp
IP Address: ::ffff:127.0.0.1
User-Agent: ElevenLabs/1.0
========================


=== Incoming Query ===
Timestamp: 2026-01-18T20:53:39.467Z
Method: DELETE
Path: /mcp
IP Address: ::ffff:127.0.0.1
User-Agent: ElevenLabs/1.0
========================

Destroying session: 9ae324db-bd9c-490f-bed1-73ff4580f5d3

=== Incoming Query ===
Timestamp: 2026-01-18T21:07:11.018Z
Method: GET
Path: /mcp
IP Address: ::ffff:127.0.0.1
User-Agent: ElevenLabs/1.0
========================


=== Incoming Query ===
Timestamp: 2026-01-18T21:07:11.928Z
Method: DELETE
Path: /mcp
IP Address: ::ffff:127.0.0.1
User-Agent: ElevenLabs/1.0
========================

Destroying session: 5b122502-9ce5-40fa-899e-f2adb06ec44d

=== Incoming Query ===
Timestamp: 2026-01-18T21:07:29.620Z
Method: GET
Path: /mcp
IP Address: ::ffff:127.0.0.1
User-Agent: ElevenLabs/1.0
========================


=== Incoming Query ===
Timestamp: 2026-01-18T21:07:30.539Z
Method: DELETE
Path: /mcp
IP Address: ::ffff:127.0.0.1
User-Agent: ElevenLabs/1.0
========================

Destroying session: b76893fb-9af7-4a38-8bf0-50d4516f5bc0

=== Incoming Query ===
Timestamp: 2026-01-18T21:07:50.412Z
Method: GET
Path: /mcp
IP Address: ::ffff:127.0.0.1
User-Agent: ElevenLabs/1.0
========================


=== Incoming Query ===
Timestamp: 2026-01-18T21:07:51.335Z
Method: DELETE
Path: /mcp
IP Address: ::ffff:127.0.0.1
User-Agent: ElevenLabs/1.0
========================

Destroying session: d876597e-02d8-4275-b740-5a3b30e7e354

=== Incoming Query ===
Timestamp: 2026-01-18T21:12:30.967Z
Method: GET
Path: /mcp
IP Address: ::ffff:127.0.0.1
User-Agent: ElevenLabs/1.0
========================


=== Incoming Query ===
Timestamp: 2026-01-18T21:12:31.891Z
Method: DELETE
Path: /mcp
IP Address: ::ffff:127.0.0.1
User-Agent: ElevenLabs/1.0
========================

Destroying session: 3d22386f-e53f-4b8a-83a7-9c1758cb1cdf

=== Incoming Query ===
Timestamp: 2026-01-18T21:12:46.805Z
Method: GET
Path: /mcp
IP Address: ::ffff:127.0.0.1
User-Agent: ElevenLabs/1.0
========================


=== Incoming Query ===
Timestamp: 2026-01-18T21:12:47.717Z
Method: DELETE
Path: /mcp
IP Address: ::ffff:127.0.0.1
User-Agent: ElevenLabs/1.0
========================

Destroying session: 96153009-9e31-49f3-bf51-fb504a60c178

=== Incoming Query ===
Timestamp: 2026-01-18T21:20:09.767Z
Method: GET
Path: /mcp
IP Address: ::ffff:127.0.0.1
User-Agent: ElevenLabs/1.0
========================


=== Incoming Query ===
Timestamp: 2026-01-18T21:20:10.717Z
Method: DELETE
Path: /mcp
IP Address: ::ffff:127.0.0.1
User-Agent: ElevenLabs/1.0
========================

Destroying session: 355bdc29-d649-4569-8de5-9bed99e6a045

=== Incoming Query ===
Timestamp: 2026-01-18T21:20:11.672Z
Method: GET
Path: /mcp
IP Address: ::ffff:127.0.0.1
User-Agent: ElevenLabs/1.0
========================


=== Incoming Query ===
Timestamp: 2026-01-18T21:20:12.587Z
Method: DELETE
Path: /mcp
IP Address: ::ffff:127.0.0.1
User-Agent: ElevenLabs/1.0
========================

Destroying session: c385ccd4-44d6-4b49-a56a-05b3dfe5c1f6

=== Incoming Query ===
Timestamp: 2026-01-18T21:21:30.958Z
Method: GET
Path: /mcp
IP Address: ::ffff:127.0.0.1
User-Agent: ElevenLabs/1.0
========================


=== Incoming Query ===
Timestamp: 2026-01-18T21:21:31.887Z
Method: DELETE
Path: /mcp
IP Address: ::ffff:127.0.0.1
User-Agent: ElevenLabs/1.0
========================

Destroying session: 2957646d-08b0-4d12-bb33-3651af894558

=== Incoming Query ===
Timestamp: 2026-01-18T21:22:20.277Z
Method: GET
Path: /mcp
IP Address: ::ffff:127.0.0.1
User-Agent: ElevenLabs/1.0
========================


=== Incoming Query ===
Timestamp: 2026-01-18T21:22:21.198Z
Method: DELETE
Path: /mcp
IP Address: ::ffff:127.0.0.1
User-Agent: ElevenLabs/1.0
========================

Destroying session: 1f2a8636-f1e2-4ee8-bfe0-b37441a72ffb
Setting up MCP server...
✓ MCP server initialized with streamable HTTP transport
Verifying database connection...
✓ Database connected
✓ Database connection verified
Verifying OpenAI connection...
✓ OpenAI connection verified

🚀 MCP Server (Streamable HTTP)
Server is running on port 3000

📡 MCP Endpoints (Primary):
  POST http://localhost:3000/mcp - Client → Server messages
  GET  http://localhost:3000/mcp - Server → Client streaming (SSE)

📡 Webhook & API Endpoints:
  POST http://localhost:3000/webhook - Periskope webhook events
  GET  http://localhost:3000/health - Health check
  POST http://localhost:3000/api/users
  POST http://localhost:3000/api/users/get
  GET  http://localhost:3000/api/users/:userId/persona
  GET  http://localhost:3000/api/chats/:chatId/messages?offset=0&limit=2000
  GET  http://localhost:3000/api/activity-venue-maps/:id
  POST http://localhost:3000/api/activity-venue-maps
  POST http://localhost:3000/api/send-event-details
✓ Webhook signature verification enabled

✓ MCP server ready and waiting for connections...


=== Incoming Query ===
Timestamp: 2026-01-18T21:27:09.895Z
Method: GET
Path: /mcp
IP Address: ::ffff:127.0.0.1
User-Agent: ElevenLabs/1.0
========================


=== Incoming Query ===
Timestamp: 2026-01-18T21:27:10.801Z
Method: DELETE
Path: /mcp
IP Address: ::ffff:127.0.0.1
User-Agent: ElevenLabs/1.0
========================

Destroying session: b69e64b9-0013-47a0-b330-b9a8992d7a52

=== Incoming Query ===
Timestamp: 2026-01-18T21:27:16.612Z
Method: GET
Path: /mcp
IP Address: ::ffff:127.0.0.1
User-Agent: ElevenLabs/1.0
========================


=== Incoming Query ===
Timestamp: 2026-01-18T21:27:17.548Z
Method: DELETE
Path: /mcp
IP Address: ::ffff:127.0.0.1
User-Agent: ElevenLabs/1.0
========================

Destroying session: 4b3f7857-a58d-4c29-b3cd-7a49ad9848e0
Setting up MCP server...
✓ MCP server initialized with streamable HTTP transport
Verifying database connection...
✓ Database connected
✓ Database connection verified
Verifying OpenAI connection...
✓ OpenAI connection verified

🚀 MCP Server (Streamable HTTP)
Server is running on port 3000

📡 MCP Endpoints (Primary):
  POST http://localhost:3000/mcp - Client → Server messages
  GET  http://localhost:3000/mcp - Server → Client streaming (SSE)

📡 Webhook & API Endpoints:
  POST http://localhost:3000/webhook - Periskope webhook events
  GET  http://localhost:3000/health - Health check
  POST http://localhost:3000/api/users
  POST http://localhost:3000/api/users/get
  GET  http://localhost:3000/api/users/:userId/persona
  GET  http://localhost:3000/api/chats/:chatId/messages?offset=0&limit=2000
  GET  http://localhost:3000/api/activity-venue-maps/:id
  POST http://localhost:3000/api/activity-venue-maps
  POST http://localhost:3000/api/send-event-details
✓ Webhook signature verification enabled

✓ MCP server ready and waiting for connections...


=== Incoming Query ===
Timestamp: 2026-01-18T21:27:36.819Z
Method: GET
Path: /mcp
IP Address: ::ffff:127.0.0.1
User-Agent: ElevenLabs/1.0
========================


=== Incoming Query ===
Timestamp: 2026-01-18T21:27:37.746Z
Method: DELETE
Path: /mcp
IP Address: ::ffff:127.0.0.1
User-Agent: ElevenLabs/1.0
========================

Destroying session: 666a8d6c-76fa-457b-af05-62cbf06629b9

=== Incoming Query ===
Timestamp: 2026-01-18T21:27:52.067Z
Method: GET
Path: /mcp
IP Address: ::ffff:127.0.0.1
User-Agent: ElevenLabs/1.0
========================


=== Incoming Query ===
Timestamp: 2026-01-18T21:27:52.990Z
Method: DELETE
Path: /mcp
IP Address: ::ffff:127.0.0.1
User-Agent: ElevenLabs/1.0
========================

Destroying session: 449321cf-4930-4613-9a30-268247402ada
Setting up MCP server...
✓ MCP server initialized with streamable HTTP transport
Verifying database connection...
✓ Database connected
✓ Database connection verified
Verifying OpenAI connection...
✓ OpenAI connection verified

🚀 MCP Server (Streamable HTTP)
Server is running on port 3000

📡 MCP Endpoints (Primary):
  POST http://localhost:3000/mcp - Client → Server messages
  GET  http://localhost:3000/mcp - Server → Client streaming (SSE)

📡 Webhook & API Endpoints:
  POST http://localhost:3000/webhook - Periskope webhook events
  GET  http://localhost:3000/health - Health check
  POST http://localhost:3000/api/users
  POST http://localhost:3000/api/users/get
  GET  http://localhost:3000/api/users/:userId/persona
  GET  http://localhost:3000/api/chats/:chatId/messages?offset=0&limit=2000
  GET  http://localhost:3000/api/activity-venue-maps/:id
  POST http://localhost:3000/api/activity-venue-maps
  POST http://localhost:3000/api/send-event-details
✓ Webhook signature verification enabled

✓ MCP server ready and waiting for connections...


=== Incoming Query ===
Timestamp: 2026-01-18T21:29:57.329Z
Method: GET
Path: /mcp
IP Address: ::ffff:127.0.0.1
User-Agent: ElevenLabs/1.0
========================


=== Incoming Query ===
Timestamp: 2026-01-18T21:29:58.267Z
Method: DELETE
Path: /mcp
IP Address: ::ffff:127.0.0.1
User-Agent: ElevenLabs/1.0
========================

Destroying session: defad392-dbe8-4119-ba8c-2766d4453a4d
Setting up MCP server...
✓ MCP server initialized with streamable HTTP transport
Verifying database connection...
✓ Database connected
✓ Database connection verified
Verifying OpenAI connection...
✓ OpenAI connection verified

🚀 MCP Server (Streamable HTTP)
Server is running on port 3000

📡 MCP Endpoints (Primary):
  POST http://localhost:3000/mcp - Client → Server messages
  GET  http://localhost:3000/mcp - Server → Client streaming (SSE)

📡 Webhook & API Endpoints:
  POST http://localhost:3000/webhook - Periskope webhook events
  GET  http://localhost:3000/health - Health check
  POST http://localhost:3000/api/users
  POST http://localhost:3000/api/users/get
  GET  http://localhost:3000/api/users/:userId/persona
  GET  http://localhost:3000/api/chats/:chatId/messages?offset=0&limit=2000
  GET  http://localhost:3000/api/activity-venue-maps/:id
  POST http://localhost:3000/api/activity-venue-maps
  POST http://localhost:3000/api/send-event-details
✓ Webhook signature verification enabled

✓ MCP server ready and waiting for connections...


=== Incoming Query ===
Timestamp: 2026-01-18T21:31:29.216Z
Method: GET
Path: /mcp
IP Address: ::ffff:127.0.0.1
User-Agent: ElevenLabs/1.0
========================


=== Incoming Query ===
Timestamp: 2026-01-18T21:31:30.144Z
Method: DELETE
Path: /mcp
IP Address: ::ffff:127.0.0.1
User-Agent: ElevenLabs/1.0
========================

Destroying session: 15409632-6ead-4878-9c3a-9329e264510f

=== Incoming Query ===
Timestamp: 2026-01-18T21:31:42.762Z
Method: GET
Path: /mcp
IP Address: ::ffff:127.0.0.1
User-Agent: ElevenLabs/1.0
========================


=== Incoming Query ===
Timestamp: 2026-01-18T21:31:43.683Z
Method: DELETE
Path: /mcp
IP Address: ::ffff:127.0.0.1
User-Agent: ElevenLabs/1.0
========================

Destroying session: 98c2b4ff-62e4-4ceb-b1ab-9a5b1ac17312

=== Incoming Query ===
Timestamp: 2026-01-18T21:32:16.953Z
Method: GET
Path: /mcp
IP Address: ::ffff:127.0.0.1
User-Agent: ElevenLabs/1.0
========================


=== Incoming Query ===
Timestamp: 2026-01-18T21:32:17.898Z
Method: DELETE
Path: /mcp
IP Address: ::ffff:127.0.0.1
User-Agent: ElevenLabs/1.0
========================

Destroying session: 610fa4c2-ecfc-4272-96c2-72531ae6c6cd

=== Incoming Query ===
Timestamp: 2026-01-18T21:32:18.859Z
Method: GET
Path: /mcp
IP Address: ::ffff:127.0.0.1
User-Agent: ElevenLabs/1.0
========================


=== Incoming Query ===
Timestamp: 2026-01-18T21:32:19.773Z
Method: DELETE
Path: /mcp
IP Address: ::ffff:127.0.0.1
User-Agent: ElevenLabs/1.0
========================

Destroying session: ffda9487-7582-45e2-9ca9-22cc36cb2e63

=== Incoming Query ===
Timestamp: 2026-01-18T21:32:33.321Z
Method: GET
Path: /mcp
IP Address: ::ffff:127.0.0.1
User-Agent: ElevenLabs/1.0
========================


=== Incoming Query ===
Timestamp: 2026-01-18T21:32:33.781Z
Method: POST
Path: /mcp
Request Body: {
  "method": "tools/call",
  "params": {
    "name": "get_user_details",
    "arguments": {
      "mobile_number": "919560665112"
    }
  },
  "jsonrpc": "2.0",
  "id": 1
}
IP Address: ::ffff:127.0.0.1
User-Agent: ElevenLabs/1.0
========================

✓ Database connected
Tool call: get_user_details {
  input: { mobile_number: '919560665112' },
  output: { content: [ [Object] ], isError: true },
  queryResponse: null
}

=== Incoming Query ===
Timestamp: 2026-01-18T21:32:34.434Z
Method: DELETE
Path: /mcp
IP Address: ::ffff:127.0.0.1
User-Agent: ElevenLabs/1.0
========================

Destroying session: 36f4f7f4-54fc-407c-b19f-c4784188a7f5

=== Incoming Query ===
Timestamp: 2026-01-18T21:33:41.054Z
Method: GET
Path: /mcp
IP Address: ::ffff:127.0.0.1
User-Agent: ElevenLabs/1.0
========================


=== Incoming Query ===
Timestamp: 2026-01-18T21:33:41.521Z
Method: POST
Path: /mcp
Request Body: {
  "method": "tools/call",
  "params": {
    "name": "create_user",
    "arguments": {
      "mobileNumber": 9560665112,
      "name": "Dhairya Sandhyana",
      "persona": "{"
    }
  },
  "jsonrpc": "2.0",
  "id": 1
}
IP Address: ::ffff:127.0.0.1
User-Agent: ElevenLabs/1.0
========================

✓ Database connected
Tool call: create_user {
  input: { mobileNumber: 9560665112, name: 'Dhairya Sandhyana', persona: '{' },
  output: { content: [ [Object] ], isError: true },
  queryResponse: null
}

=== Incoming Query ===
Timestamp: 2026-01-18T21:33:41.996Z
Method: DELETE
Path: /mcp
IP Address: ::ffff:127.0.0.1
User-Agent: ElevenLabs/1.0
========================

Destroying session: cd7a468a-d34d-423e-8010-027b4952d5e8

=== Incoming Query ===
Timestamp: 2026-01-18T21:34:09.430Z
Method: GET
Path: /mcp
IP Address: ::ffff:127.0.0.1
User-Agent: ElevenLabs/1.0
========================


=== Incoming Query ===
Timestamp: 2026-01-18T21:34:10.355Z
Method: DELETE
Path: /mcp
IP Address: ::ffff:127.0.0.1
User-Agent: ElevenLabs/1.0
========================

Destroying session: c0ba9893-10b6-4fb8-aba1-ff7e6e96fe04

=== Incoming Query ===
Timestamp: 2026-01-18T21:34:49.607Z
Method: GET
Path: /mcp
IP Address: ::ffff:127.0.0.1
User-Agent: ElevenLabs/1.0
========================


=== Incoming Query ===
Timestamp: 2026-01-18T21:34:50.577Z
Method: DELETE
Path: /mcp
IP Address: ::ffff:127.0.0.1
User-Agent: ElevenLabs/1.0
========================

Destroying session: 7c8e1c86-ab3a-40b4-ad3b-eb879c63c53e

=== Incoming Query ===
Timestamp: 2026-01-18T21:34:51.547Z
Method: GET
Path: /mcp
IP Address: ::ffff:127.0.0.1
User-Agent: ElevenLabs/1.0
========================


=== Incoming Query ===
Timestamp: 2026-01-18T21:34:52.486Z
Method: DELETE
Path: /mcp
IP Address: ::ffff:127.0.0.1
User-Agent: ElevenLabs/1.0
========================

Destroying session: a8e7e450-41f6-4c37-95c0-ae96cdd263b2

=== Incoming Query ===
Timestamp: 2026-01-18T21:34:57.264Z
Method: GET
Path: /mcp
IP Address: ::ffff:127.0.0.1
User-Agent: ElevenLabs/1.0
========================


=== Incoming Query ===
Timestamp: 2026-01-18T21:34:57.726Z
Method: POST
Path: /mcp
Request Body: {
  "method": "tools/call",
  "params": {
    "name": "get_user_details",
    "arguments": {
      "mobile_number": "919560665112"
    }
  },
  "jsonrpc": "2.0",
  "id": 1
}
IP Address: ::ffff:127.0.0.1
User-Agent: ElevenLabs/1.0
========================

✓ Database connected
Tool call: get_user_details {
  input: { mobile_number: '919560665112' },
  output: { content: [ [Object] ], isError: true },
  queryResponse: null
}

=== Incoming Query ===
Timestamp: 2026-01-18T21:34:58.206Z
Method: DELETE
Path: /mcp
IP Address: ::ffff:127.0.0.1
User-Agent: ElevenLabs/1.0
========================

Destroying session: 9542812f-24da-42f5-8c38-76a6697bccea

=== Incoming Query ===
Timestamp: 2026-01-18T21:35:29.030Z
Method: GET
Path: /mcp
IP Address: ::ffff:127.0.0.1
User-Agent: ElevenLabs/1.0
========================


=== Incoming Query ===
Timestamp: 2026-01-18T21:35:29.947Z
Method: DELETE
Path: /mcp
IP Address: ::ffff:127.0.0.1
User-Agent: ElevenLabs/1.0
========================

Destroying session: d7f728ce-3b20-4059-9407-af6f683e32e6

=== Incoming Query ===
Timestamp: 2026-01-18T21:35:51.097Z
Method: GET
Path: /mcp
IP Address: ::ffff:127.0.0.1
User-Agent: ElevenLabs/1.0
========================


=== Incoming Query ===
Timestamp: 2026-01-18T21:35:52.011Z
Method: DELETE
Path: /mcp
IP Address: ::ffff:127.0.0.1
User-Agent: ElevenLabs/1.0
========================

Destroying session: b07f5267-4e3d-4a20-bb78-f83bf51589da

=== Incoming Query ===
Timestamp: 2026-01-18T21:35:54.235Z
Method: GET
Path: /mcp
IP Address: ::ffff:127.0.0.1
User-Agent: ElevenLabs/1.0
========================


=== Incoming Query ===
Timestamp: 2026-01-18T21:35:54.704Z
Method: POST
Path: /mcp
Request Body: {
  "method": "tools/call",
  "params": {
    "name": "create_user",
    "arguments": {
      "mobileNumber": 919560665112,
      "persona": "fancy experiences",
      "name": "Dhairya Sandhyana"
    }
  },
  "jsonrpc": "2.0",
  "id": 1
}
IP Address: ::ffff:127.0.0.1
User-Agent: ElevenLabs/1.0
========================

✓ Database connected
Tool call: create_user {
  input: {
    mobileNumber: 919560665112,
    name: 'Dhairya Sandhyana',
    persona: 'fancy experiences'
  },
  output: { content: [ [Object] ], isError: true },
  queryResponse: null
}

=== Incoming Query ===
Timestamp: 2026-01-18T21:35:55.190Z
Method: DELETE
Path: /mcp
IP Address: ::ffff:127.0.0.1
User-Agent: ElevenLabs/1.0
========================

Destroying session: 5680ca70-6eb1-4b7b-8cd5-2994448be7bd

=== Incoming Query ===
Timestamp: 2026-01-18T21:36:27.228Z
Method: GET
Path: /mcp
IP Address: ::ffff:127.0.0.1
User-Agent: ElevenLabs/1.0
========================


=== Incoming Query ===
Timestamp: 2026-01-18T21:36:28.154Z
Method: DELETE
Path: /mcp
IP Address: ::ffff:127.0.0.1
User-Agent: ElevenLabs/1.0
========================

Destroying session: 255faf8f-15dc-4559-a44c-f41b08ecc329

=== Incoming Query ===
Timestamp: 2026-01-18T21:37:12.318Z
Method: GET
Path: /mcp
IP Address: ::ffff:127.0.0.1
User-Agent: ElevenLabs/1.0
========================


=== Incoming Query ===
Timestamp: 2026-01-18T21:37:13.245Z
Method: DELETE
Path: /mcp
IP Address: ::ffff:127.0.0.1
User-Agent: ElevenLabs/1.0
========================

Destroying session: cc60a7ce-f27b-4650-84e6-b8287099dc9b

=== Incoming Query ===
Timestamp: 2026-01-18T21:37:14.193Z
Method: GET
Path: /mcp
IP Address: ::ffff:127.0.0.1
User-Agent: ElevenLabs/1.0
========================


=== Incoming Query ===
Timestamp: 2026-01-18T21:37:15.128Z
Method: DELETE
Path: /mcp
IP Address: ::ffff:127.0.0.1
User-Agent: ElevenLabs/1.0
========================

Destroying session: cf065294-5289-4634-87a5-69d97b6688e0

=== Incoming Query ===
Timestamp: 2026-01-18T21:37:19.777Z
Method: GET
Path: /mcp
IP Address: ::ffff:127.0.0.1
User-Agent: ElevenLabs/1.0
========================


=== Incoming Query ===
Timestamp: 2026-01-18T21:37:20.254Z
Method: POST
Path: /mcp
Request Body: {
  "method": "tools/call",
  "params": {
    "name": "get_user_details",
    "arguments": {
      "mobile_number": "919560665112"
    }
  },
  "jsonrpc": "2.0",
  "id": 1
}
IP Address: ::ffff:127.0.0.1
User-Agent: ElevenLabs/1.0
========================

✓ Database connected
Tool call: get_user_details {
  input: { mobile_number: '919560665112' },
  output: { content: [ [Object] ], isError: true },
  queryResponse: null
}

=== Incoming Query ===
Timestamp: 2026-01-18T21:37:20.734Z
Method: DELETE
Path: /mcp
IP Address: ::ffff:127.0.0.1
User-Agent: ElevenLabs/1.0
========================

Destroying session: 951c6e8b-5c23-4345-8bc3-8ddde99ca0b5

=== Incoming Query ===
Timestamp: 2026-01-18T21:37:34.199Z
Method: GET
Path: /mcp
IP Address: ::ffff:127.0.0.1
User-Agent: ElevenLabs/1.0
========================


=== Incoming Query ===
Timestamp: 2026-01-18T21:37:35.116Z
Method: DELETE
Path: /mcp
IP Address: ::ffff:127.0.0.1
User-Agent: ElevenLabs/1.0
========================

Destroying session: dcc4d664-9177-48db-9f44-0903690dd7b9

=== Incoming Query ===
Timestamp: 2026-01-18T21:38:02.546Z
Method: GET
Path: /mcp
IP Address: ::ffff:127.0.0.1
User-Agent: ElevenLabs/1.0
========================


=== Incoming Query ===
Timestamp: 2026-01-18T21:38:03.464Z
Method: DELETE
Path: /mcp
IP Address: ::ffff:127.0.0.1
User-Agent: ElevenLabs/1.0
========================

Destroying session: c46b35b8-5145-40f9-8f48-8553e1eb2660

=== Incoming Query ===
Timestamp: 2026-01-18T21:40:17.337Z
Method: GET
Path: /mcp
IP Address: ::ffff:127.0.0.1
User-Agent: ElevenLabs/1.0
========================


=== Incoming Query ===
Timestamp: 2026-01-18T21:40:18.257Z
Method: DELETE
Path: /mcp
IP Address: ::ffff:127.0.0.1
User-Agent: ElevenLabs/1.0
========================

Destroying session: 9986f8e5-c366-4bd8-ab1e-c2b02bfaf6d4

=== Incoming Query ===
Timestamp: 2026-01-18T21:40:19.206Z
Method: GET
Path: /mcp
IP Address: ::ffff:127.0.0.1
User-Agent: ElevenLabs/1.0
========================


=== Incoming Query ===
Timestamp: 2026-01-18T21:40:20.139Z
Method: DELETE
Path: /mcp
IP Address: ::ffff:127.0.0.1
User-Agent: ElevenLabs/1.0
========================

Destroying session: 2c4f2f0c-bf21-41b8-b39d-bcbae19f94d5

=== Incoming Query ===
Timestamp: 2026-01-18T21:40:24.353Z
Method: GET
Path: /mcp
IP Address: ::ffff:127.0.0.1
User-Agent: ElevenLabs/1.0
========================


=== Incoming Query ===
Timestamp: 2026-01-18T21:40:24.805Z
Method: POST
Path: /mcp
Request Body: {
  "method": "tools/call",
  "params": {
    "name": "get_user_details",
    "arguments": {
      "mobile_number": "919560665112"
    }
  },
  "jsonrpc": "2.0",
  "id": 1
}
IP Address: ::ffff:127.0.0.1
User-Agent: ElevenLabs/1.0
========================

✓ Database connected
Tool call: get_user_details {
  input: { mobile_number: '919560665112' },
  output: { content: [ [Object] ], isError: true },
  queryResponse: null
}

=== Incoming Query ===
Timestamp: 2026-01-18T21:40:25.280Z
Method: DELETE
Path: /mcp
IP Address: ::ffff:127.0.0.1
User-Agent: ElevenLabs/1.0
========================

Destroying session: 5e531227-0a66-4900-92b5-49ef80eafa6f

=== Incoming Query ===
Timestamp: 2026-01-18T21:40:33.936Z
Method: GET
Path: /mcp
IP Address: ::ffff:127.0.0.1
User-Agent: ElevenLabs/1.0
========================


=== Incoming Query ===
Timestamp: 2026-01-18T21:40:34.397Z
Method: POST
Path: /mcp
Request Body: {
  "method": "tools/call",
  "params": {
    "name": "create_user",
    "arguments": {
      "mobileNumber": 9560665112,
      "name": "Dhairya Sandhyana",
      "persona": "{\"preferred_area\": \"South Delhi\"}"
    }
  },
  "jsonrpc": "2.0",
  "id": 1
}
IP Address: ::ffff:127.0.0.1
User-Agent: ElevenLabs/1.0
========================

Tool call: create_user {
  input: {
    mobileNumber: 9560665112,
    name: 'Dhairya Sandhyana',
    persona: '{"preferred_area": "South Delhi"}'
  },
  output: { content: [ [Object] ] },
  queryResponse: {
    user_id: '9560665112',
    created_at: 2026-01-18T21:40:34.402Z,
    updated_at: 2026-01-18T21:40:34.402Z,
    name: 'Dhairya Sandhyana',
    bio: null,
    persona_json: { preferred_area: 'South Delhi' },
    locality_id: null,
    conversation_id: null,
    id: '64b2589b-0abc-401a-85cc-7b7c43b6549d'
  }
}

=== Incoming Query ===
Timestamp: 2026-01-18T21:40:34.868Z
Method: DELETE
Path: /mcp
IP Address: ::ffff:127.0.0.1
User-Agent: ElevenLabs/1.0
========================

Destroying session: 79992980-8fa5-4681-9ca3-6807cc72646b

=== Incoming Query ===
Timestamp: 2026-01-18T21:41:16.783Z
Method: GET
Path: /mcp
IP Address: ::ffff:127.0.0.1
User-Agent: ElevenLabs/1.0
========================


=== Incoming Query ===
Timestamp: 2026-01-18T21:41:17.711Z
Method: DELETE
Path: /mcp
IP Address: ::ffff:127.0.0.1
User-Agent: ElevenLabs/1.0
========================

Destroying session: 2916c5a0-b19f-411d-bd88-068404ad5e77

=== Incoming Query ===
Timestamp: 2026-01-18T21:41:22.208Z
Method: GET
Path: /mcp
IP Address: ::ffff:127.0.0.1
User-Agent: ElevenLabs/1.0
========================


=== Incoming Query ===
Timestamp: 2026-01-18T21:41:23.176Z
Method: DELETE
Path: /mcp
IP Address: ::ffff:127.0.0.1
User-Agent: ElevenLabs/1.0
========================

Destroying session: 0dad64ad-9100-49b6-9efc-5710d597ae73

=== Incoming Query ===
Timestamp: 2026-01-18T21:43:44.632Z
Method: GET
Path: /mcp
IP Address: ::ffff:127.0.0.1
User-Agent: ElevenLabs/1.0
========================


=== Incoming Query ===
Timestamp: 2026-01-18T21:43:45.558Z
Method: DELETE
Path: /mcp
IP Address: ::ffff:127.0.0.1
User-Agent: ElevenLabs/1.0
========================

Destroying session: 1a700e3e-b1e3-430a-a0fa-fa8c31a067ee

=== Incoming Query ===
Timestamp: 2026-01-18T21:43:46.511Z
Method: GET
Path: /mcp
IP Address: ::ffff:127.0.0.1
User-Agent: ElevenLabs/1.0
========================


=== Incoming Query ===
Timestamp: 2026-01-18T21:43:47.438Z
Method: DELETE
Path: /mcp
IP Address: ::ffff:127.0.0.1
User-Agent: ElevenLabs/1.0
========================

Destroying session: 787a24ea-6fc2-481e-b9ee-4665f42d299c

=== Incoming Query ===
Timestamp: 2026-01-18T21:43:53.022Z
Method: GET
Path: /mcp
IP Address: ::ffff:127.0.0.1
User-Agent: ElevenLabs/1.0
========================


=== Incoming Query ===
Timestamp: 2026-01-18T21:43:53.478Z
Method: POST
Path: /mcp
Request Body: {
  "method": "tools/call",
  "params": {
    "name": "get_user_details",
    "arguments": {
      "mobile_number": "919560665112"
    }
  },
  "jsonrpc": "2.0",
  "id": 1
}
IP Address: ::ffff:127.0.0.1
User-Agent: ElevenLabs/1.0
========================

✓ Database connected
Tool call: get_user_details {
  input: { mobile_number: '919560665112' },
  output: { content: [ [Object] ], isError: true },
  queryResponse: null
}

=== Incoming Query ===
Timestamp: 2026-01-18T21:43:53.964Z
Method: DELETE
Path: /mcp
IP Address: ::ffff:127.0.0.1
User-Agent: ElevenLabs/1.0
========================

Destroying session: 10a8d21c-fbe5-43e6-add7-0639ec697f6e

=== Incoming Query ===
Timestamp: 2026-01-18T21:44:26.837Z
Method: GET
Path: /mcp
IP Address: ::ffff:127.0.0.1
User-Agent: ElevenLabs/1.0
========================


=== Incoming Query ===
Timestamp: 2026-01-18T21:44:27.780Z
Method: DELETE
Path: /mcp
IP Address: ::ffff:127.0.0.1
User-Agent: ElevenLabs/1.0
========================

Destroying session: 1c940ec3-9e42-43a1-9d77-1242220cb0cc

=== Incoming Query ===
Timestamp: 2026-01-18T21:45:36.732Z
Method: GET
Path: /mcp
IP Address: ::ffff:127.0.0.1
User-Agent: ElevenLabs/1.0
========================


=== Incoming Query ===
Timestamp: 2026-01-18T21:45:37.643Z
Method: DELETE
Path: /mcp
IP Address: ::ffff:127.0.0.1
User-Agent: ElevenLabs/1.0
========================

Destroying session: b2ee797b-80fc-4f78-8dc0-563f9bcda64a

=== Incoming Query ===
Timestamp: 2026-01-18T21:45:38.593Z
Method: GET
Path: /mcp
IP Address: ::ffff:127.0.0.1
User-Agent: ElevenLabs/1.0
========================


=== Incoming Query ===
Timestamp: 2026-01-18T21:45:39.500Z
Method: DELETE
Path: /mcp
IP Address: ::ffff:127.0.0.1
User-Agent: ElevenLabs/1.0
========================

Destroying session: 23621900-ec2b-4b2c-8c63-dff48b5c6305

=== Incoming Query ===
Timestamp: 2026-01-18T21:45:45.037Z
Method: GET
Path: /mcp
IP Address: ::ffff:127.0.0.1
User-Agent: ElevenLabs/1.0
========================


=== Incoming Query ===
Timestamp: 2026-01-18T21:45:45.524Z
Method: POST
Path: /mcp
Request Body: {
  "method": "tools/call",
  "params": {
    "name": "get_user_details",
    "arguments": {
      "mobile_number": "919560665112"
    }
  },
  "jsonrpc": "2.0",
  "id": 1
}
IP Address: ::ffff:127.0.0.1
User-Agent: ElevenLabs/1.0
========================

✓ Database connected
Tool call: get_user_details {
  input: { mobile_number: '919560665112' },
  output: { content: [ [Object] ], isError: true },
  queryResponse: null
}

=== Incoming Query ===
Timestamp: 2026-01-18T21:45:45.999Z
Method: DELETE
Path: /mcp
IP Address: ::ffff:127.0.0.1
User-Agent: ElevenLabs/1.0
========================

Destroying session: fa2147dc-2122-43de-bf5c-c73601429ec3

=== Incoming Query ===
Timestamp: 2026-01-18T21:45:47.129Z
Method: GET
Path: /mcp
IP Address: ::ffff:127.0.0.1
User-Agent: ElevenLabs/1.0
========================


=== Incoming Query ===
Timestamp: 2026-01-18T21:45:48.045Z
Method: DELETE
Path: /mcp
IP Address: ::ffff:127.0.0.1
User-Agent: ElevenLabs/1.0
========================

Destroying session: 03459002-2211-4b5c-b719-4418825a2cb4

=== Incoming Query ===
Timestamp: 2026-01-18T21:45:50.019Z
Method: GET
Path: /mcp
IP Address: ::ffff:127.0.0.1
User-Agent: ElevenLabs/1.0
========================


=== Incoming Query ===
Timestamp: 2026-01-18T21:45:50.928Z
Method: DELETE
Path: /mcp
IP Address: ::ffff:127.0.0.1
User-Agent: ElevenLabs/1.0
========================

Destroying session: fab9b549-a355-434f-ba25-600e0af7cb12

=== Incoming Query ===
Timestamp: 2026-01-18T21:45:51.870Z
Method: GET
Path: /mcp
IP Address: ::ffff:127.0.0.1
User-Agent: ElevenLabs/1.0
========================


=== Incoming Query ===
Timestamp: 2026-01-18T21:45:52.790Z
Method: DELETE
Path: /mcp
IP Address: ::ffff:127.0.0.1
User-Agent: ElevenLabs/1.0
========================

Destroying session: 155e077d-891a-439d-8aaf-d69316d00ecb

=== Incoming Query ===
Timestamp: 2026-01-18T21:45:59.017Z
Method: GET
Path: /mcp
IP Address: ::ffff:127.0.0.1
User-Agent: ElevenLabs/1.0
========================


=== Incoming Query ===
Timestamp: 2026-01-18T21:45:59.473Z
Method: POST
Path: /mcp
Request Body: {
  "method": "tools/call",
  "params": {
    "name": "get_user",
    "arguments": {
      "mobile_number": "919560665112"
    }
  },
  "jsonrpc": "2.0",
  "id": 1
}
IP Address: ::ffff:127.0.0.1
User-Agent: ElevenLabs/1.0
========================

✓ Database connected
Tool call: get_user {
  input: { mobile_number: '919560665112' },
  output: { content: [ [Object] ], isError: true },
  queryResponse: null
}

=== Incoming Query ===
Timestamp: 2026-01-18T21:45:59.944Z
Method: DELETE
Path: /mcp
IP Address: ::ffff:127.0.0.1
User-Agent: ElevenLabs/1.0
========================

Destroying session: 3cd61ef7-dca2-4fd4-b71b-359251108939

=== Incoming Query ===
Timestamp: 2026-01-18T21:49:16.477Z
Method: GET
Path: /mcp
IP Address: ::ffff:127.0.0.1
User-Agent: ElevenLabs/1.0
========================


=== Incoming Query ===
Timestamp: 2026-01-18T21:49:16.948Z
Method: POST
Path: /mcp
Request Body: {
  "method": "tools/call",
  "params": {
    "name": "create_user",
    "arguments": {
      "mobileNumber": 9560665112,
      "name": "Dhairya Sandhyana",
      "persona": "{\"fav_character\":\"Rani from Rocky Rani\",\"going_out_style\":\"hotel\",\"locality\":\"South Delhi\",\"social_setting\":\"either\",\"ambiance\":\"conversational mostly. Sometimes loud\",\"experience_style\":\"fancy and experiential\",\"age\":\"29\",\"additional_details\":\"\"}"
    }
  },
  "jsonrpc": "2.0",
  "id": 1
}
IP Address: ::ffff:127.0.0.1
User-Agent: ElevenLabs/1.0
========================

✓ Database connected
Tool call: create_user {
  input: {
    mobileNumber: 9560665112,
    name: 'Dhairya Sandhyana',
    persona: '{"fav_character":"Rani from Rocky Rani","going_out_style":"hotel","locality":"South Delhi","social_setting":"either","ambiance":"conversational mostly. Sometimes loud","experience_style":"fancy and experiential","age":"29","additional_details":""}'
  },
  output: { content: [ [Object] ], isError: true },
  queryResponse: {
    user_id: '9560665112',
    created_at: 2026-01-18T21:40:34.402Z,
    updated_at: 2026-01-18T21:40:34.402Z,
    name: 'Dhairya Sandhyana',
    bio: null,
    persona_json: { preferred_area: 'South Delhi' },
    locality_id: null,
    conversation_id: null,
    id: '64b2589b-0abc-401a-85cc-7b7c43b6549d'
  }
}

=== Incoming Query ===
Timestamp: 2026-01-18T21:49:17.428Z
Method: DELETE
Path: /mcp
IP Address: ::ffff:127.0.0.1
User-Agent: ElevenLabs/1.0
========================

Destroying session: cc83e03e-9ea1-4299-9873-f0767c35d8c2

=== Incoming Query ===
Timestamp: 2026-01-18T21:51:55.115Z
Method: GET
Path: /mcp
IP Address: ::ffff:127.0.0.1
User-Agent: ElevenLabs/1.0
========================


=== Incoming Query ===
Timestamp: 2026-01-18T21:51:56.036Z
Method: DELETE
Path: /mcp
IP Address: ::ffff:127.0.0.1
User-Agent: ElevenLabs/1.0
========================

Destroying session: 99857567-8e2c-4750-9de1-527e09f85239

=== Incoming Query ===
Timestamp: 2026-01-18T21:55:21.640Z
Method: GET
Path: /mcp
IP Address: ::ffff:127.0.0.1
User-Agent: ElevenLabs/1.0
========================


=== Incoming Query ===
Timestamp: 2026-01-18T21:55:22.554Z
Method: DELETE
Path: /mcp
IP Address: ::ffff:127.0.0.1
User-Agent: ElevenLabs/1.0
========================

Destroying session: 9cf84435-47fa-4af1-9161-deaf4d09b406

=== Incoming Query ===
Timestamp: 2026-01-18T21:56:45.543Z
Method: GET
Path: /mcp
IP Address: ::ffff:127.0.0.1
User-Agent: ElevenLabs/1.0
========================


=== Incoming Query ===
Timestamp: 2026-01-18T21:56:46.442Z
Method: DELETE
Path: /mcp
IP Address: ::ffff:127.0.0.1
User-Agent: ElevenLabs/1.0
========================

Destroying session: 73d1a5fe-9b8c-4c26-92d5-34b0ccf16460

=== Incoming Query ===
Timestamp: 2026-01-18T21:56:47.448Z
Method: GET
Path: /mcp
IP Address: ::ffff:127.0.0.1
User-Agent: ElevenLabs/1.0
========================


=== Incoming Query ===
Timestamp: 2026-01-18T21:56:48.375Z
Method: DELETE
Path: /mcp
IP Address: ::ffff:127.0.0.1
User-Agent: ElevenLabs/1.0
========================

Destroying session: 88d16985-c1e9-4c94-ad5a-a1277f20da3d

=== Incoming Query ===
Timestamp: 2026-01-18T21:56:57.558Z
Method: GET
Path: /mcp
IP Address: ::ffff:127.0.0.1
User-Agent: ElevenLabs/1.0
========================


=== Incoming Query ===
Timestamp: 2026-01-18T21:56:58.016Z
Method: POST
Path: /mcp
Request Body: {
  "method": "tools/call",
  "params": {
    "name": "get_user_details",
    "arguments": {
      "mobile_number": "919899807888"
    }
  },
  "jsonrpc": "2.0",
  "id": 1
}
IP Address: ::ffff:127.0.0.1
User-Agent: ElevenLabs/1.0
========================

✓ Database connected
Tool call: get_user_details {
  input: { mobile_number: '919899807888' },
  output: { content: [ [Object] ], isError: true },
  queryResponse: null
}

=== Incoming Query ===
Timestamp: 2026-01-18T21:56:58.511Z
Method: DELETE
Path: /mcp
IP Address: ::ffff:127.0.0.1
User-Agent: ElevenLabs/1.0
========================

Destroying session: 8aae8c5b-39ad-4a81-a68c-7d44a4723018

=== Incoming Query ===
Timestamp: 2026-01-18T21:56:59.707Z
Method: GET
Path: /mcp
IP Address: ::ffff:127.0.0.1
User-Agent: ElevenLabs/1.0
========================


=== Incoming Query ===
Timestamp: 2026-01-18T21:57:00.631Z
Method: DELETE
Path: /mcp
IP Address: ::ffff:127.0.0.1
User-Agent: ElevenLabs/1.0
========================

Destroying session: b2788254-8720-45d6-bef4-87856bc3961b

=== Incoming Query ===
Timestamp: 2026-01-18T21:57:02.611Z
Method: GET
Path: /mcp
IP Address: ::ffff:127.0.0.1
User-Agent: ElevenLabs/1.0
========================


=== Incoming Query ===
Timestamp: 2026-01-18T21:57:03.527Z
Method: DELETE
Path: /mcp
IP Address: ::ffff:127.0.0.1
User-Agent: ElevenLabs/1.0
========================

Destroying session: 01d19cc6-1d06-4d2c-a956-9f381f73dec6

=== Incoming Query ===
Timestamp: 2026-01-18T21:57:04.501Z
Method: GET
Path: /mcp
IP Address: ::ffff:127.0.0.1
User-Agent: ElevenLabs/1.0
========================


=== Incoming Query ===
Timestamp: 2026-01-18T21:57:05.423Z
Method: DELETE
Path: /mcp
IP Address: ::ffff:127.0.0.1
User-Agent: ElevenLabs/1.0
========================

Destroying session: 16fac1e9-71a0-48fd-99da-90de4c243229

=== Incoming Query ===
Timestamp: 2026-01-18T21:57:57.567Z
Method: GET
Path: /mcp
IP Address: ::ffff:127.0.0.1
User-Agent: ElevenLabs/1.0
========================


=== Incoming Query ===
Timestamp: 2026-01-18T21:57:58.006Z
Method: POST
Path: /mcp
Request Body: {
  "method": "tools/call",
  "params": {
    "name": "create_user",
    "arguments": {
      "mobileNumber": 9899807888,
      "name": "Samuel",
      "persona": "{\"fav_character\":\"Tony Stark\",\"going_out_style\":\"hotel\",\"locality\":\"South Delhi\",\"social_setting\":\"flexible\",\"ambiance\":\"conversational\",\"experience_style\":\"fancy experiential\",\"age\":\"29\",\"additional_details\":\"\"}"
    }
  },
  "jsonrpc": "2.0",
  "id": 1
}
IP Address: ::ffff:127.0.0.1
User-Agent: ElevenLabs/1.0
========================

✓ Database connected
Tool call: create_user {
  input: {
    mobileNumber: 9899807888,
    name: 'Samuel',
    persona: '{"fav_character":"Tony Stark","going_out_style":"hotel","locality":"South Delhi","social_setting":"flexible","ambiance":"conversational","experience_style":"fancy experiential","age":"29","additional_details":""}'
  },
  output: { content: [ [Object] ] },
  queryResponse: {
    user_id: '9899807888',
    created_at: 2026-01-18T21:57:58.029Z,
    updated_at: 2026-01-18T21:57:58.029Z,
    name: 'Samuel',
    bio: null,
    persona_json: {
      fav_character: 'Tony Stark',
      going_out_style: 'hotel',
      locality: 'South Delhi',
      social_setting: 'flexible',
      ambiance: 'conversational',
      experience_style: 'fancy experiential',
      age: '29',
      additional_details: ''
    },
    locality_id: null,
    conversation_id: null,
    id: '45bb9f41-2853-46cc-a8df-cde256d8c74f'
  }
}

=== Incoming Query ===
Timestamp: 2026-01-18T21:57:58.499Z
Method: DELETE
Path: /mcp
IP Address: ::ffff:127.0.0.1
User-Agent: ElevenLabs/1.0
========================

Destroying session: 0b77fc02-0ae4-414b-a2a9-f3c4cd1f2f76

=== Incoming Query ===
Timestamp: 2026-01-18T21:57:59.678Z
Method: GET
Path: /mcp
IP Address: ::ffff:127.0.0.1
User-Agent: ElevenLabs/1.0
========================


=== Incoming Query ===
Timestamp: 2026-01-18T21:58:00.580Z
Method: DELETE
Path: /mcp
IP Address: ::ffff:127.0.0.1
User-Agent: ElevenLabs/1.0
========================

Destroying session: c599e622-b878-4a13-93a4-b2482dd1abfd

=== Incoming Query ===
Timestamp: 2026-01-18T21:58:02.707Z
Method: GET
Path: /mcp
IP Address: ::ffff:127.0.0.1
User-Agent: ElevenLabs/1.0
========================


=== Incoming Query ===
Timestamp: 2026-01-18T21:58:03.630Z
Method: DELETE
Path: /mcp
IP Address: ::ffff:127.0.0.1
User-Agent: ElevenLabs/1.0
========================

Destroying session: b0f7f761-1c8c-4e34-b2f6-8556220f2dd8

=== Incoming Query ===
Timestamp: 2026-01-18T21:58:04.588Z
Method: GET
Path: /mcp
IP Address: ::ffff:127.0.0.1
User-Agent: ElevenLabs/1.0
========================


=== Incoming Query ===
Timestamp: 2026-01-18T21:58:05.499Z
Method: DELETE
Path: /mcp
IP Address: ::ffff:127.0.0.1
User-Agent: ElevenLabs/1.0
========================

Destroying session: 9a3f0089-1f13-4923-8163-4fd301363d15

=== Incoming Query ===
Timestamp: 2026-01-18T22:07:19.944Z
Method: GET
Path: /mcp
IP Address: ::ffff:127.0.0.1
User-Agent: ElevenLabs/1.0
========================


=== Incoming Query ===
Timestamp: 2026-01-18T22:07:20.877Z
Method: DELETE
Path: /mcp
IP Address: ::ffff:127.0.0.1
User-Agent: ElevenLabs/1.0
========================

Destroying session: 67e9ca0f-bf14-4409-b70d-ca0e4496e958

=== Incoming Query ===
Timestamp: 2026-01-18T22:07:21.857Z
Method: GET
Path: /mcp
IP Address: ::ffff:127.0.0.1
User-Agent: ElevenLabs/1.0
========================


=== Incoming Query ===
Timestamp: 2026-01-18T22:07:22.801Z
Method: DELETE
Path: /mcp
IP Address: ::ffff:127.0.0.1
User-Agent: ElevenLabs/1.0
========================

Destroying session: acfd8bd6-ce85-4d9a-ad75-3895843627d4

=== Incoming Query ===
Timestamp: 2026-01-18T22:07:37.122Z
Method: GET
Path: /mcp
IP Address: ::ffff:127.0.0.1
User-Agent: ElevenLabs/1.0
========================


=== Incoming Query ===
Timestamp: 2026-01-18T22:07:37.582Z
Method: POST
Path: /mcp
Request Body: {
  "method": "tools/call",
  "params": {
    "name": "get_user_details",
    "arguments": {
      "mobile_number": "9899807888"
    }
  },
  "jsonrpc": "2.0",
  "id": 1
}
IP Address: ::ffff:127.0.0.1
User-Agent: ElevenLabs/1.0
========================

✓ Database connected
Tool call: get_user_details {
  input: { mobile_number: '9899807888' },
  output: { content: [ [Object] ] },
  queryResponse: {
    user_id: '9899807888',
    created_at: 2026-01-18T21:57:58.029Z,
    updated_at: 2026-01-18T21:57:58.029Z,
    name: 'Samuel',
    bio: null,
    persona_json: {
      fav_character: 'Tony Stark',
      going_out_style: 'hotel',
      locality: 'South Delhi',
      social_setting: 'flexible',
      ambiance: 'conversational',
      experience_style: 'fancy experiential',
      age: '29',
      additional_details: ''
    },
    locality_id: null,
    conversation_id: null,
    id: '45bb9f41-2853-46cc-a8df-cde256d8c74f',
    connections: []
  }
}

=== Incoming Query ===
Timestamp: 2026-01-18T22:07:38.072Z
Method: DELETE
Path: /mcp
IP Address: ::ffff:127.0.0.1
User-Agent: ElevenLabs/1.0
========================

Destroying session: 3e2db6cb-b26b-4f44-a8c8-49118333c699

=== Incoming Query ===
Timestamp: 2026-01-18T22:07:39.338Z
Method: GET
Path: /mcp
IP Address: ::ffff:127.0.0.1
User-Agent: ElevenLabs/1.0
========================


=== Incoming Query ===
Timestamp: 2026-01-18T22:07:40.253Z
Method: DELETE
Path: /mcp
IP Address: ::ffff:127.0.0.1
User-Agent: ElevenLabs/1.0
========================

Destroying session: 9163fba0-c85d-4e6a-abab-d90135171870

=== Incoming Query ===
Timestamp: 2026-01-18T22:07:42.036Z
Method: GET
Path: /mcp
IP Address: ::ffff:127.0.0.1
User-Agent: ElevenLabs/1.0
========================


=== Incoming Query ===
Timestamp: 2026-01-18T22:07:42.967Z
Method: DELETE
Path: /mcp
IP Address: ::ffff:127.0.0.1
User-Agent: ElevenLabs/1.0
========================

Destroying session: c5bba6d2-2a1a-464a-8145-b0e1d852b3ab

=== Incoming Query ===
Timestamp: 2026-01-18T22:07:43.906Z
Method: GET
Path: /mcp
IP Address: ::ffff:127.0.0.1
User-Agent: ElevenLabs/1.0
========================


=== Incoming Query ===
Timestamp: 2026-01-18T22:07:44.816Z
Method: DELETE
Path: /mcp
IP Address: ::ffff:127.0.0.1
User-Agent: ElevenLabs/1.0
========================

Destroying session: 4d0f6d66-1c29-4b53-858e-81f44d47af3d

=== Incoming Query ===
Timestamp: 2026-01-18T22:08:13.904Z
Method: GET
Path: /mcp
IP Address: ::ffff:127.0.0.1
User-Agent: ElevenLabs/1.0
========================


=== Incoming Query ===
Timestamp: 2026-01-18T22:08:14.358Z
Method: POST
Path: /mcp
Request Body: {
  "method": "tools/call",
  "params": {
    "name": "get_activity_venue_maps",
    "arguments": {
      "userId": 99807888,
      "datetime": "2026-01-19T19:00:00Z"
    }
  },
  "jsonrpc": "2.0",
  "id": 1
}
IP Address: ::ffff:127.0.0.1
User-Agent: ElevenLabs/1.0
========================

✓ Database connected
Tool call: get_activity_venue_maps {
  input: { userId: 99807888, datetime: '2026-01-19T19:00:00Z' },
  output: { content: [ [Object] ] },
  queryResponse: []
}

=== Incoming Query ===
Timestamp: 2026-01-18T22:08:14.837Z
Method: DELETE
Path: /mcp
IP Address: ::ffff:127.0.0.1
User-Agent: ElevenLabs/1.0
========================

Destroying session: 4eb2bd97-fb1b-4974-b41d-26eb6919c2de

=== Incoming Query ===
Timestamp: 2026-01-18T22:08:39.114Z
Method: GET
Path: /mcp
IP Address: ::ffff:127.0.0.1
User-Agent: ElevenLabs/1.0
========================


=== Incoming Query ===
Timestamp: 2026-01-18T22:08:40.033Z
Method: DELETE
Path: /mcp
IP Address: ::ffff:127.0.0.1
User-Agent: ElevenLabs/1.0
========================

Destroying session: 149526a7-d22c-40a1-b044-fbfaae2d66fa

=== Incoming Query ===
Timestamp: 2026-01-18T22:08:41.982Z
Method: GET
Path: /mcp
IP Address: ::ffff:127.0.0.1
User-Agent: ElevenLabs/1.0
========================


=== Incoming Query ===
Timestamp: 2026-01-18T22:08:42.902Z
Method: DELETE
Path: /mcp
IP Address: ::ffff:127.0.0.1
User-Agent: ElevenLabs/1.0
========================

Destroying session: f01edc2a-0a8b-4325-990b-6fe49a1e1b12

=== Incoming Query ===
Timestamp: 2026-01-18T22:08:43.866Z
Method: GET
Path: /mcp
IP Address: ::ffff:127.0.0.1
User-Agent: ElevenLabs/1.0
========================


=== Incoming Query ===
Timestamp: 2026-01-18T22:08:44.791Z
Method: DELETE
Path: /mcp
IP Address: ::ffff:127.0.0.1
User-Agent: ElevenLabs/1.0
========================

Destroying session: fc1cd16f-31f0-46bb-a746-bb38cdf3932c

=== Incoming Query ===
Timestamp: 2026-01-18T22:09:06.115Z
Method: GET
Path: /mcp
IP Address: ::ffff:127.0.0.1
User-Agent: ElevenLabs/1.0
========================


=== Incoming Query ===
Timestamp: 2026-01-18T22:09:07.029Z
Method: DELETE
Path: /mcp
IP Address: ::ffff:127.0.0.1
User-Agent: ElevenLabs/1.0
========================

Destroying session: 8e686b02-f4f5-4812-8050-2b3c2fcb7864

=== Incoming Query ===
Timestamp: 2026-01-18T22:09:50.717Z
Method: GET
Path: /mcp
IP Address: ::ffff:127.0.0.1
User-Agent: ElevenLabs/1.0
========================


=== Incoming Query ===
Timestamp: 2026-01-18T22:09:51.628Z
Method: DELETE
Path: /mcp
IP Address: ::ffff:127.0.0.1
User-Agent: ElevenLabs/1.0
========================

Destroying session: 1e9dfd38-1d25-436f-a093-b723efe4c29e

=== Incoming Query ===
Timestamp: 2026-01-18T22:09:52.620Z
Method: GET
Path: /mcp
IP Address: ::ffff:127.0.0.1
User-Agent: ElevenLabs/1.0
========================


=== Incoming Query ===
Timestamp: 2026-01-18T22:09:53.518Z
Method: DELETE
Path: /mcp
IP Address: ::ffff:127.0.0.1
User-Agent: ElevenLabs/1.0
========================

Destroying session: ebff61dc-c599-4839-acf0-8b5cba98f9c2

=== Incoming Query ===
Timestamp: 2026-01-18T22:10:23.993Z
Method: GET
Path: /mcp
IP Address: ::ffff:127.0.0.1
User-Agent: ElevenLabs/1.0
========================


=== Incoming Query ===
Timestamp: 2026-01-18T22:10:24.463Z
Method: POST
Path: /mcp
Request Body: {
  "method": "tools/call",
  "params": {
    "name": "get_user_details",
    "arguments": {
      "mobile_number": "919899807889"
    }
  },
  "jsonrpc": "2.0",
  "id": 1
}
IP Address: ::ffff:127.0.0.1
User-Agent: ElevenLabs/1.0
========================

✓ Database connected
Tool call: get_user_details {
  input: { mobile_number: '919899807889' },
  output: { content: [ [Object] ] },
  queryResponse: {
    user_id: '919899807889',
    created_at: 2026-01-15T20:06:08.161Z,
    updated_at: 2026-01-15T20:06:08.595Z,
    name: 'Shrey Pandey',
    bio: "I'm just a fun guy",
    persona_json: null,
    locality_id: '1',
    conversation_id: 'conv_696948b06b28819088d77c4bb528576b0be52f053d8f6247',
    id: 'bd0d1d23-2d6d-4612-bcf2-8328c3d92066',
    connections: []
  }
}

=== Incoming Query ===
Timestamp: 2026-01-18T22:10:24.948Z
Method: DELETE
Path: /mcp
IP Address: ::ffff:127.0.0.1
User-Agent: ElevenLabs/1.0
========================

Destroying session: ad0614aa-f5e5-4672-b628-48cce19fbd8f

=== Incoming Query ===
Timestamp: 2026-01-18T22:10:26.166Z
Method: GET
Path: /mcp
IP Address: ::ffff:127.0.0.1
User-Agent: ElevenLabs/1.0
========================


=== Incoming Query ===
Timestamp: 2026-01-18T22:10:27.087Z
Method: DELETE
Path: /mcp
IP Address: ::ffff:127.0.0.1
User-Agent: ElevenLabs/1.0
========================

Destroying session: 4e991c37-049b-4a40-ac4d-b4f5d46a9226

=== Incoming Query ===
Timestamp: 2026-01-18T22:10:29.521Z
Method: GET
Path: /mcp
IP Address: ::ffff:127.0.0.1
User-Agent: ElevenLabs/1.0
========================


=== Incoming Query ===
Timestamp: 2026-01-18T22:10:30.434Z
Method: DELETE
Path: /mcp
IP Address: ::ffff:127.0.0.1
User-Agent: ElevenLabs/1.0
========================

Destroying session: c5e195e2-5fc1-40b2-ad5a-09f940725f94

=== Incoming Query ===
Timestamp: 2026-01-18T22:10:31.385Z
Method: GET
Path: /mcp
IP Address: ::ffff:127.0.0.1
User-Agent: ElevenLabs/1.0
========================


=== Incoming Query ===
Timestamp: 2026-01-18T22:10:32.317Z
Method: DELETE
Path: /mcp
IP Address: ::ffff:127.0.0.1
User-Agent: ElevenLabs/1.0
========================

Destroying session: 1076cafc-85e2-4a1e-b6ab-c37f77810952

=== Incoming Query ===
Timestamp: 2026-01-18T22:10:33.961Z
Method: GET
Path: /mcp
IP Address: ::ffff:127.0.0.1
User-Agent: ElevenLabs/1.0
========================


=== Incoming Query ===
Timestamp: 2026-01-18T22:10:34.454Z
Method: POST
Path: /mcp
Request Body: {
  "method": "tools/call",
  "params": {
    "name": "get_user_persona",
    "arguments": {
      "userId": 9899807889
    }
  },
  "jsonrpc": "2.0",
  "id": 1
}
IP Address: ::ffff:127.0.0.1
User-Agent: ElevenLabs/1.0
========================

Tool call: get_user_persona {
  input: { userId: 9899807889 },
  output: { content: [ [Object] ], isError: true },
  queryResponse: null
}

=== Incoming Query ===
Timestamp: 2026-01-18T22:10:34.915Z
Method: DELETE
Path: /mcp
IP Address: ::ffff:127.0.0.1
User-Agent: ElevenLabs/1.0
========================

Destroying session: ed2c15e9-b190-435d-981e-865effe3f305

=== Incoming Query ===
Timestamp: 2026-01-18T22:10:46.519Z
Method: GET
Path: /mcp
IP Address: ::ffff:127.0.0.1
User-Agent: ElevenLabs/1.0
========================


=== Incoming Query ===
Timestamp: 2026-01-18T22:10:47.433Z
Method: DELETE
Path: /mcp
IP Address: ::ffff:127.0.0.1
User-Agent: ElevenLabs/1.0
========================

Destroying session: 99d61f4a-2669-4836-aee9-2de5a4c9cdd2

=== Incoming Query ===
Timestamp: 2026-01-18T22:12:18.484Z
Method: GET
Path: /mcp
IP Address: ::ffff:127.0.0.1
User-Agent: ElevenLabs/1.0
========================


=== Incoming Query ===
Timestamp: 2026-01-18T22:12:19.387Z
Method: DELETE
Path: /mcp
IP Address: ::ffff:127.0.0.1
User-Agent: ElevenLabs/1.0
========================

Destroying session: 8a7ada3c-4ae7-4c8a-becc-d1e28105cf93

=== Incoming Query ===
Timestamp: 2026-01-18T22:12:20.359Z
Method: GET
Path: /mcp
IP Address: ::ffff:127.0.0.1
User-Agent: ElevenLabs/1.0
========================


=== Incoming Query ===
Timestamp: 2026-01-18T22:12:21.280Z
Method: DELETE
Path: /mcp
IP Address: ::ffff:127.0.0.1
User-Agent: ElevenLabs/1.0
========================

Destroying session: 11d7964a-a7ae-49f2-a344-5c77c1e69b22

=== Incoming Query ===
Timestamp: 2026-01-18T22:12:34.096Z
Method: GET
Path: /mcp
IP Address: ::ffff:127.0.0.1
User-Agent: ElevenLabs/1.0
========================


=== Incoming Query ===
Timestamp: 2026-01-18T22:12:35.021Z
Method: DELETE
Path: /mcp
IP Address: ::ffff:127.0.0.1
User-Agent: ElevenLabs/1.0
========================

Destroying session: 631fdedd-b33a-44e4-8d99-2cbbaa1ce4dc

=== Incoming Query ===
Timestamp: 2026-01-18T22:16:19.929Z
Method: GET
Path: /mcp
IP Address: ::ffff:127.0.0.1
User-Agent: ElevenLabs/1.0
========================


=== Incoming Query ===
Timestamp: 2026-01-18T22:16:20.844Z
Method: DELETE
Path: /mcp
IP Address: ::ffff:127.0.0.1
User-Agent: ElevenLabs/1.0
========================

Destroying session: 74f61617-69b5-43b6-9507-32e0a97bf821

=== Incoming Query ===
Timestamp: 2026-01-18T22:16:21.806Z
Method: GET
Path: /mcp
IP Address: ::ffff:127.0.0.1
User-Agent: ElevenLabs/1.0
========================


=== Incoming Query ===
Timestamp: 2026-01-18T22:16:22.727Z
Method: DELETE
Path: /mcp
IP Address: ::ffff:127.0.0.1
User-Agent: ElevenLabs/1.0
========================

Destroying session: 474f317b-2084-4338-b040-5bd2cc509c5e

=== Incoming Query ===
Timestamp: 2026-01-18T22:16:34.178Z
Method: GET
Path: /mcp
IP Address: ::ffff:127.0.0.1
User-Agent: ElevenLabs/1.0
========================


=== Incoming Query ===
Timestamp: 2026-01-18T22:16:34.642Z
Method: POST
Path: /mcp
Request Body: {
  "method": "tools/call",
  "params": {
    "name": "get_user_details",
    "arguments": {
      "mobile_number": "9899807888"
    }
  },
  "jsonrpc": "2.0",
  "id": 1
}
IP Address: ::ffff:127.0.0.1
User-Agent: ElevenLabs/1.0
========================

✓ Database connected
Tool call: get_user_details {
  input: { mobile_number: '9899807888' },
  output: { content: [ [Object] ] },
  queryResponse: {
    user_id: '9899807888',
    created_at: 2026-01-18T21:57:58.029Z,
    updated_at: 2026-01-18T21:57:58.029Z,
    name: 'Samuel',
    bio: null,
    persona_json: {
      fav_character: 'Tony Stark',
      going_out_style: 'hotel',
      locality: 'South Delhi',
      social_setting: 'flexible',
      ambiance: 'conversational',
      experience_style: 'fancy experiential',
      age: '29',
      additional_details: ''
    },
    locality_id: null,
    conversation_id: null,
    id: '45bb9f41-2853-46cc-a8df-cde256d8c74f',
    connections: []
  }
}

=== Incoming Query ===
Timestamp: 2026-01-18T22:16:35.160Z
Method: DELETE
Path: /mcp
IP Address: ::ffff:127.0.0.1
User-Agent: ElevenLabs/1.0
========================

Destroying session: e1054c61-c5d4-49e1-b6fa-347f59213ed7

=== Incoming Query ===
Timestamp: 2026-01-18T22:16:55.283Z
Method: GET
Path: /mcp
IP Address: ::ffff:127.0.0.1
User-Agent: ElevenLabs/1.0
========================


=== Incoming Query ===
Timestamp: 2026-01-18T22:16:56.198Z
Method: DELETE
Path: /mcp
IP Address: ::ffff:127.0.0.1
User-Agent: ElevenLabs/1.0
========================

Destroying session: c2fbdb94-de6a-4adb-bfdd-6ae1a4accad1

=== Incoming Query ===
Timestamp: 2026-01-18T22:19:17.787Z
Method: GET
Path: /mcp
IP Address: ::ffff:127.0.0.1
User-Agent: ElevenLabs/1.0
========================


=== Incoming Query ===
Timestamp: 2026-01-18T22:19:18.702Z
Method: DELETE
Path: /mcp
IP Address: ::ffff:127.0.0.1
User-Agent: ElevenLabs/1.0
========================

Destroying session: 1cb17c20-440b-45f9-936a-326c2d1c1247

=== Incoming Query ===
Timestamp: 2026-01-18T22:19:19.668Z
Method: GET
Path: /mcp
IP Address: ::ffff:127.0.0.1
User-Agent: ElevenLabs/1.0
========================


=== Incoming Query ===
Timestamp: 2026-01-18T22:19:20.585Z
Method: DELETE
Path: /mcp
IP Address: ::ffff:127.0.0.1
User-Agent: ElevenLabs/1.0
========================

Destroying session: a6eeca7c-d8aa-4cda-a28f-f69b1fb3bc5b

=== Incoming Query ===
Timestamp: 2026-01-18T22:19:45.262Z
Method: GET
Path: /mcp
IP Address: ::ffff:127.0.0.1
User-Agent: ElevenLabs/1.0
========================


=== Incoming Query ===
Timestamp: 2026-01-18T22:19:46.194Z
Method: DELETE
Path: /mcp
IP Address: ::ffff:127.0.0.1
User-Agent: ElevenLabs/1.0
========================

Destroying session: 1dc1e626-4de3-4fb7-b01a-c866ed1d4d3b

=== Incoming Query ===
Timestamp: 2026-01-18T22:21:35.897Z
Method: GET
Path: /mcp
IP Address: ::ffff:127.0.0.1
User-Agent: ElevenLabs/1.0
========================


=== Incoming Query ===
Timestamp: 2026-01-18T22:21:36.841Z
Method: DELETE
Path: /mcp
IP Address: ::ffff:127.0.0.1
User-Agent: ElevenLabs/1.0
========================

Destroying session: 0e617683-c12d-4b0c-bf7a-f14ac66095f1

=== Incoming Query ===
Timestamp: 2026-01-18T22:21:37.793Z
Method: GET
Path: /mcp
IP Address: ::ffff:127.0.0.1
User-Agent: ElevenLabs/1.0
========================


=== Incoming Query ===
Timestamp: 2026-01-18T22:21:38.703Z
Method: DELETE
Path: /mcp
IP Address: ::ffff:127.0.0.1
User-Agent: ElevenLabs/1.0
========================

Destroying session: ed8e63f8-4433-4575-9445-7a4f3b9848b7

=== Incoming Query ===
Timestamp: 2026-01-18T22:21:49.115Z
Method: GET
Path: /mcp
IP Address: ::ffff:127.0.0.1
User-Agent: ElevenLabs/1.0
========================


=== Incoming Query ===
Timestamp: 2026-01-18T22:21:49.587Z
Method: POST
Path: /mcp
Request Body: {
  "method": "tools/call",
  "params": {
    "name": "get_user_details",
    "arguments": {
      "mobile_number": "9899807888"
    }
  },
  "jsonrpc": "2.0",
  "id": 1
}
IP Address: ::ffff:127.0.0.1
User-Agent: ElevenLabs/1.0
========================

✓ Database connected
Tool call: get_user_details {
  input: { mobile_number: '9899807888' },
  output: { content: [ [Object] ] },
  queryResponse: {
    user_id: '9899807888',
    created_at: 2026-01-18T21:57:58.029Z,
    updated_at: 2026-01-18T21:57:58.029Z,
    name: 'Samuel',
    bio: null,
    persona_json: {
      fav_character: 'Tony Stark',
      going_out_style: 'hotel',
      locality: 'South Delhi',
      social_setting: 'flexible',
      ambiance: 'conversational',
      experience_style: 'fancy experiential',
      age: '29',
      additional_details: ''
    },
    locality_id: null,
    conversation_id: null,
    id: '45bb9f41-2853-46cc-a8df-cde256d8c74f',
    connections: []
  }
}

=== Incoming Query ===
Timestamp: 2026-01-18T22:21:50.106Z
Method: DELETE
Path: /mcp
IP Address: ::ffff:127.0.0.1
User-Agent: ElevenLabs/1.0
========================

Destroying session: f6497281-c124-47d3-8f4f-4a6114f44ba5

=== Incoming Query ===
Timestamp: 2026-01-18T22:22:17.051Z
Method: GET
Path: /mcp
IP Address: ::ffff:127.0.0.1
User-Agent: ElevenLabs/1.0
========================


=== Incoming Query ===
Timestamp: 2026-01-18T22:22:17.960Z
Method: DELETE
Path: /mcp
IP Address: ::ffff:127.0.0.1
User-Agent: ElevenLabs/1.0
========================

Destroying session: 33526cc0-05c8-4684-8136-ccf9ec36d8da

=== Incoming Query ===
Timestamp: 2026-01-18T22:22:45.798Z
Method: GET
Path: /mcp
IP Address: ::ffff:127.0.0.1
User-Agent: ElevenLabs/1.0
========================


=== Incoming Query ===
Timestamp: 2026-01-18T22:22:46.723Z
Method: DELETE
Path: /mcp
IP Address: ::ffff:127.0.0.1
User-Agent: ElevenLabs/1.0
========================

Destroying session: a531d8ba-4cd7-4e51-92d7-4e06be7bb57f

=== Incoming Query ===
Timestamp: 2026-01-18T22:22:47.692Z
Method: GET
Path: /mcp
IP Address: ::ffff:127.0.0.1
User-Agent: ElevenLabs/1.0
========================


=== Incoming Query ===
Timestamp: 2026-01-18T22:22:48.629Z
Method: DELETE
Path: /mcp
IP Address: ::ffff:127.0.0.1
User-Agent: ElevenLabs/1.0
========================

Destroying session: fec0bd4a-cfd8-4f46-a30e-c4ff3dc381b8

=== Incoming Query ===
Timestamp: 2026-01-18T22:23:00.189Z
Method: GET
Path: /mcp
IP Address: ::ffff:127.0.0.1
User-Agent: ElevenLabs/1.0
========================


=== Incoming Query ===
Timestamp: 2026-01-18T22:23:00.644Z
Method: POST
Path: /mcp
Request Body: {
  "method": "tools/call",
  "params": {
    "name": "get_user_details",
    "arguments": {
      "mobile_number": "9899807888"
    }
  },
  "jsonrpc": "2.0",
  "id": 1
}
IP Address: ::ffff:127.0.0.1
User-Agent: ElevenLabs/1.0
========================

✓ Database connected
Tool call: get_user_details {
  input: { mobile_number: '9899807888' },
  output: { content: [ [Object] ] },
  queryResponse: {
    user_id: '9899807888',
    created_at: 2026-01-18T21:57:58.029Z,
    updated_at: 2026-01-18T21:57:58.029Z,
    name: 'Samuel',
    bio: null,
    persona_json: {
      fav_character: 'Tony Stark',
      going_out_style: 'hotel',
      locality: 'South Delhi',
      social_setting: 'flexible',
      ambiance: 'conversational',
      experience_style: 'fancy experiential',
      age: '29',
      additional_details: ''
    },
    locality_id: null,
    conversation_id: null,
    id: '45bb9f41-2853-46cc-a8df-cde256d8c74f',
    connections: []
  }
}

=== Incoming Query ===
Timestamp: 2026-01-18T22:23:01.127Z
Method: DELETE
Path: /mcp
IP Address: ::ffff:127.0.0.1
User-Agent: ElevenLabs/1.0
========================

Destroying session: 04e17068-23e7-422c-9080-d79a983de6ca

=== Incoming Query ===
Timestamp: 2026-01-18T22:23:14.131Z
Method: GET
Path: /mcp
IP Address: ::ffff:127.0.0.1
User-Agent: ElevenLabs/1.0
========================


=== Incoming Query ===
Timestamp: 2026-01-18T22:23:15.068Z
Method: DELETE
Path: /mcp
IP Address: ::ffff:127.0.0.1
User-Agent: ElevenLabs/1.0
========================

Destroying session: 972af40a-14d7-4daa-99a9-01f63ac4f27b

=== Incoming Query ===
Timestamp: 2026-01-18T22:24:14.240Z
Method: GET
Path: /mcp
IP Address: ::ffff:127.0.0.1
User-Agent: ElevenLabs/1.0
========================


=== Incoming Query ===
Timestamp: 2026-01-18T22:24:15.166Z
Method: DELETE
Path: /mcp
IP Address: ::ffff:127.0.0.1
User-Agent: ElevenLabs/1.0
========================

Destroying session: 4c87668e-1280-4331-bb68-d143f7b8f616

=== Incoming Query ===
Timestamp: 2026-01-18T22:24:16.126Z
Method: GET
Path: /mcp
IP Address: ::ffff:127.0.0.1
User-Agent: ElevenLabs/1.0
========================


=== Incoming Query ===
Timestamp: 2026-01-18T22:24:17.060Z
Method: DELETE
Path: /mcp
IP Address: ::ffff:127.0.0.1
User-Agent: ElevenLabs/1.0
========================

Destroying session: 9471f6cf-71c8-4e91-acd0-e8d55197601e

=== Incoming Query ===
Timestamp: 2026-01-18T22:24:24.925Z
Method: GET
Path: /mcp
IP Address: ::ffff:127.0.0.1
User-Agent: ElevenLabs/1.0
========================


=== Incoming Query ===
Timestamp: 2026-01-18T22:24:25.398Z
Method: POST
Path: /mcp
Request Body: {
  "method": "tools/call",
  "params": {
    "name": "get_user_details",
    "arguments": {
      "mobile_number": "9899807888"
    }
  },
  "jsonrpc": "2.0",
  "id": 1
}
IP Address: ::ffff:127.0.0.1
User-Agent: ElevenLabs/1.0
========================

✓ Database connected
Tool call: get_user_details {
  input: { mobile_number: '9899807888' },
  output: { content: [ [Object] ] },
  queryResponse: {
    user_id: '9899807888',
    created_at: 2026-01-18T21:57:58.029Z,
    updated_at: 2026-01-18T21:57:58.029Z,
    name: 'Samuel',
    bio: null,
    persona_json: {
      fav_character: 'Tony Stark',
      going_out_style: 'hotel',
      locality: 'South Delhi',
      social_setting: 'flexible',
      ambiance: 'conversational',
      experience_style: 'fancy experiential',
      age: '29',
      additional_details: ''
    },
    locality_id: null,
    conversation_id: null,
    id: '45bb9f41-2853-46cc-a8df-cde256d8c74f',
    connections: []
  }
}

=== Incoming Query ===
Timestamp: 2026-01-18T22:24:25.917Z
Method: DELETE
Path: /mcp
IP Address: ::ffff:127.0.0.1
User-Agent: ElevenLabs/1.0
========================

Destroying session: 8c5f9f18-f9d4-4e2e-90fb-ab94a1c48d6e

=== Incoming Query ===
Timestamp: 2026-01-18T22:25:28.379Z
Method: GET
Path: /mcp
IP Address: ::ffff:127.0.0.1
User-Agent: ElevenLabs/1.0
========================


=== Incoming Query ===
Timestamp: 2026-01-18T22:25:28.856Z
Method: POST
Path: /mcp
Request Body: {
  "method": "tools/call",
  "params": {
    "name": "get_activity_venue_maps",
    "arguments": {
      "userId": 99807888,
      "datetime": "2026-01-19T19:00:00Z"
    }
  },
  "jsonrpc": "2.0",
  "id": 1
}
IP Address: ::ffff:127.0.0.1
User-Agent: ElevenLabs/1.0
========================

✓ Database connected
Tool call: get_activity_venue_maps {
  input: { userId: 99807888, datetime: '2026-01-19T19:00:00Z' },
  output: { content: [ [Object] ] },
  queryResponse: []
}

=== Incoming Query ===
Timestamp: 2026-01-18T22:25:29.350Z
Method: DELETE
Path: /mcp
IP Address: ::ffff:127.0.0.1
User-Agent: ElevenLabs/1.0
========================

Destroying session: 5dd6796f-496a-4b50-866f-53a8072a25b8

=== Incoming Query ===
Timestamp: 2026-01-18T22:26:10.682Z
Method: GET
Path: /mcp
IP Address: ::ffff:127.0.0.1
User-Agent: ElevenLabs/1.0
========================


=== Incoming Query ===
Timestamp: 2026-01-18T22:26:11.608Z
Method: DELETE
Path: /mcp
IP Address: ::ffff:127.0.0.1
User-Agent: ElevenLabs/1.0
========================

Destroying session: 3ae38b41-943f-4eca-bc60-0b930b20f514

=== Incoming Query ===
Timestamp: 2026-01-18T22:27:13.922Z
Method: GET
Path: /mcp
IP Address: ::ffff:127.0.0.1
User-Agent: ElevenLabs/1.0
========================


=== Incoming Query ===
Timestamp: 2026-01-18T22:27:14.833Z
Method: DELETE
Path: /mcp
IP Address: ::ffff:127.0.0.1
User-Agent: ElevenLabs/1.0
========================

Destroying session: cd261040-3e87-4273-85b2-719a847b09a8

=== Incoming Query ===
Timestamp: 2026-01-18T22:27:15.781Z
Method: GET
Path: /mcp
IP Address: ::ffff:127.0.0.1
User-Agent: ElevenLabs/1.0
========================


=== Incoming Query ===
Timestamp: 2026-01-18T22:27:16.699Z
Method: DELETE
Path: /mcp
IP Address: ::ffff:127.0.0.1
User-Agent: ElevenLabs/1.0
========================

Destroying session: 83c27b80-f5c6-4d1e-aee3-355157aeb1b0

=== Incoming Query ===
Timestamp: 2026-01-18T22:27:28.349Z
Method: GET
Path: /mcp
IP Address: ::ffff:127.0.0.1
User-Agent: ElevenLabs/1.0
========================


=== Incoming Query ===
Timestamp: 2026-01-18T22:27:28.811Z
Method: POST
Path: /mcp
Request Body: {
  "method": "tools/call",
  "params": {
    "name": "get_user_details",
    "arguments": {
      "mobile_number": "9899807888"
    }
  },
  "jsonrpc": "2.0",
  "id": 1
}
IP Address: ::ffff:127.0.0.1
User-Agent: ElevenLabs/1.0
========================

✓ Database connected
Tool call: get_user_details {
  input: { mobile_number: '9899807888' },
  output: { content: [ [Object] ] },
  queryResponse: {
    user_id: '9899807888',
    created_at: 2026-01-18T21:57:58.029Z,
    updated_at: 2026-01-18T21:57:58.029Z,
    name: 'Samuel',
    bio: null,
    persona_json: {
      fav_character: 'Tony Stark',
      going_out_style: 'hotel',
      locality: 'South Delhi',
      social_setting: 'flexible',
      ambiance: 'conversational',
      experience_style: 'fancy experiential',
      age: '29',
      additional_details: ''
    },
    locality_id: null,
    conversation_id: null,
    id: '45bb9f41-2853-46cc-a8df-cde256d8c74f',
    connections: []
  }
}

=== Incoming Query ===
Timestamp: 2026-01-18T22:27:29.296Z
Method: DELETE
Path: /mcp
IP Address: ::ffff:127.0.0.1
User-Agent: ElevenLabs/1.0
========================

Destroying session: 5d85bf29-0d63-4daf-8559-ec193cb65b9f

=== Incoming Query ===
Timestamp: 2026-01-18T22:28:41.201Z
Method: GET
Path: /mcp
IP Address: ::ffff:127.0.0.1
User-Agent: ElevenLabs/1.0
========================


=== Incoming Query ===
Timestamp: 2026-01-18T22:28:42.106Z
Method: DELETE
Path: /mcp
IP Address: ::ffff:127.0.0.1
User-Agent: ElevenLabs/1.0
========================

Destroying session: 5e8ca160-908a-41dc-979a-7e853fd25e60

=== Incoming Query ===
Timestamp: 2026-01-18T22:29:35.001Z
Method: GET
Path: /mcp
IP Address: ::ffff:127.0.0.1
User-Agent: ElevenLabs/1.0
========================


=== Incoming Query ===
Timestamp: 2026-01-18T22:29:35.916Z
Method: DELETE
Path: /mcp
IP Address: ::ffff:127.0.0.1
User-Agent: ElevenLabs/1.0
========================

Destroying session: 1b991d7a-37b1-44da-bd5d-e3f37401b323

=== Incoming Query ===
Timestamp: 2026-01-18T22:29:45.800Z
Method: GET
Path: /mcp
IP Address: ::ffff:127.0.0.1
User-Agent: ElevenLabs/1.0
========================


=== Incoming Query ===
Timestamp: 2026-01-18T22:29:46.719Z
Method: DELETE
Path: /mcp
IP Address: ::ffff:127.0.0.1
User-Agent: ElevenLabs/1.0
========================

Destroying session: f6d66ae9-59a9-4cd4-836a-d897b056944f

=== Incoming Query ===
Timestamp: 2026-01-18T22:29:47.674Z
Method: GET
Path: /mcp
IP Address: ::ffff:127.0.0.1
User-Agent: ElevenLabs/1.0
========================


=== Incoming Query ===
Timestamp: 2026-01-18T22:29:48.593Z
Method: DELETE
Path: /mcp
IP Address: ::ffff:127.0.0.1
User-Agent: ElevenLabs/1.0
========================

Destroying session: 24103215-656f-4f37-9c5f-19a6166fcafc

=== Incoming Query ===
Timestamp: 2026-01-18T22:29:58.988Z
Method: GET
Path: /mcp
IP Address: ::ffff:127.0.0.1
User-Agent: ElevenLabs/1.0
========================


=== Incoming Query ===
Timestamp: 2026-01-18T22:29:59.478Z
Method: POST
Path: /mcp
Request Body: {
  "method": "tools/call",
  "params": {
    "name": "get_user_details",
    "arguments": {
      "mobile_number": "9899807888"
    }
  },
  "jsonrpc": "2.0",
  "id": 1
}
IP Address: ::ffff:127.0.0.1
User-Agent: ElevenLabs/1.0
========================

✓ Database connected
Tool call: get_user_details {
  input: { mobile_number: '9899807888' },
  output: { content: [ [Object] ] },
  queryResponse: {
    user_id: '9899807888',
    created_at: 2026-01-18T21:57:58.029Z,
    updated_at: 2026-01-18T21:57:58.029Z,
    name: 'Samuel',
    bio: null,
    persona_json: {
      fav_character: 'Tony Stark',
      going_out_style: 'hotel',
      locality: 'South Delhi',
      social_setting: 'flexible',
      ambiance: 'conversational',
      experience_style: 'fancy experiential',
      age: '29',
      additional_details: ''
    },
    locality_id: null,
    conversation_id: null,
    id: '45bb9f41-2853-46cc-a8df-cde256d8c74f',
    connections: []
  }
}

=== Incoming Query ===
Timestamp: 2026-01-18T22:29:59.967Z
Method: DELETE
Path: /mcp
IP Address: ::ffff:127.0.0.1
User-Agent: ElevenLabs/1.0
========================

Destroying session: 8d5f055c-b918-4434-9cbd-7791717dbf5f

=== Incoming Query ===
Timestamp: 2026-01-18T22:30:20.532Z
Method: GET
Path: /mcp
IP Address: ::ffff:127.0.0.1
User-Agent: ElevenLabs/1.0
========================


=== Incoming Query ===
Timestamp: 2026-01-18T22:30:21.456Z
Method: DELETE
Path: /mcp
IP Address: ::ffff:127.0.0.1
User-Agent: ElevenLabs/1.0
========================

Destroying session: 7e14f5a4-0a74-4245-bdd4-a4d2213efc66

=== Incoming Query ===
Timestamp: 2026-01-18T22:30:24.285Z
Method: GET
Path: /mcp
IP Address: ::ffff:127.0.0.1
User-Agent: ElevenLabs/1.0
========================


=== Incoming Query ===
Timestamp: 2026-01-18T22:30:24.740Z
Method: POST
Path: /mcp
Request Body: {
  "method": "tools/call",
  "params": {
    "name": "get_activity_venue_maps",
    "arguments": {
      "userId": "45bb9f41-2853-46cc-a8df-cde256d8c74f",
      "datetime": "2026-01-20T20:00:00Z"
    }
  },
  "jsonrpc": "2.0",
  "id": 1
}
IP Address: ::ffff:127.0.0.1
User-Agent: ElevenLabs/1.0
========================


=== Incoming Query ===
Timestamp: 2026-01-18T22:30:25.225Z
Method: DELETE
Path: /mcp
IP Address: ::ffff:127.0.0.1
User-Agent: ElevenLabs/1.0
========================

Destroying session: a285113d-00e3-4dd9-8b62-9e32a16a6b65

=== Incoming Query ===
Timestamp: 2026-01-18T22:30:26.863Z
Method: GET
Path: /mcp
IP Address: ::ffff:127.0.0.1
User-Agent: ElevenLabs/1.0
========================


=== Incoming Query ===
Timestamp: 2026-01-18T22:30:27.788Z
Method: DELETE
Path: /mcp
IP Address: ::ffff:127.0.0.1
User-Agent: ElevenLabs/1.0
========================

Destroying session: c2224762-e2e3-4718-b43c-393022f770ae

=== Incoming Query ===
Timestamp: 2026-01-18T22:30:54.697Z
Method: GET
Path: /mcp
IP Address: ::ffff:127.0.0.1
User-Agent: ElevenLabs/1.0
========================


=== Incoming Query ===
Timestamp: 2026-01-18T22:30:55.614Z
Method: DELETE
Path: /mcp
IP Address: ::ffff:127.0.0.1
User-Agent: ElevenLabs/1.0
========================

Destroying session: 10670896-6197-4eb4-b7cc-2314bd6e156c

=== Incoming Query ===
Timestamp: 2026-01-18T22:34:49.802Z
Method: GET
Path: /mcp
IP Address: ::ffff:127.0.0.1
User-Agent: ElevenLabs/1.0
========================


=== Incoming Query ===
Timestamp: 2026-01-18T22:34:50.727Z
Method: DELETE
Path: /mcp
IP Address: ::ffff:127.0.0.1
User-Agent: ElevenLabs/1.0
========================

Destroying session: bd8b2d5c-9a74-49c3-a085-00aa5ace0090

=== Incoming Query ===
Timestamp: 2026-01-18T22:35:40.808Z
Method: GET
Path: /mcp
IP Address: ::ffff:127.0.0.1
User-Agent: ElevenLabs/1.0
========================


=== Incoming Query ===
Timestamp: 2026-01-18T22:35:41.733Z
Method: DELETE
Path: /mcp
IP Address: ::ffff:127.0.0.1
User-Agent: ElevenLabs/1.0
========================

Destroying session: 93695772-26f3-42b0-a129-0dd84f63b714

=== Incoming Query ===
Timestamp: 2026-01-18T22:35:42.684Z
Method: GET
Path: /mcp
IP Address: ::ffff:127.0.0.1
User-Agent: ElevenLabs/1.0
========================


=== Incoming Query ===
Timestamp: 2026-01-18T22:35:43.618Z
Method: DELETE
Path: /mcp
IP Address: ::ffff:127.0.0.1
User-Agent: ElevenLabs/1.0
========================

Destroying session: 25c633ed-310c-4be0-8e07-fc61be7ca5a4

=== Incoming Query ===
Timestamp: 2026-01-18T22:35:50.411Z
Method: GET
Path: /mcp
IP Address: ::ffff:127.0.0.1
User-Agent: ElevenLabs/1.0
========================


=== Incoming Query ===
Timestamp: 2026-01-18T22:35:50.876Z
Method: POST
Path: /mcp
Request Body: {
  "method": "tools/call",
  "params": {
    "name": "get_user_details",
    "arguments": {
      "mobile_number": "9899807888"
    }
  },
  "jsonrpc": "2.0",
  "id": 1
}
IP Address: ::ffff:127.0.0.1
User-Agent: ElevenLabs/1.0
========================

✓ Database connected
Tool call: get_user_details {
  input: { mobile_number: '9899807888' },
  output: { content: [ [Object] ] },
  queryResponse: {
    user_id: '9899807888',
    created_at: 2026-01-18T21:57:58.029Z,
    updated_at: 2026-01-18T21:57:58.029Z,
    name: 'Samuel',
    bio: null,
    persona_json: {
      fav_character: 'Tony Stark',
      going_out_style: 'hotel',
      locality: 'South Delhi',
      social_setting: 'flexible',
      ambiance: 'conversational',
      experience_style: 'fancy experiential',
      age: '29',
      additional_details: ''
    },
    locality_id: null,
    conversation_id: null,
    id: '45bb9f41-2853-46cc-a8df-cde256d8c74f',
    connections: []
  }
}

=== Incoming Query ===
Timestamp: 2026-01-18T22:35:51.361Z
Method: DELETE
Path: /mcp
IP Address: ::ffff:127.0.0.1
User-Agent: ElevenLabs/1.0
========================

Destroying session: 473cec18-9dd9-41bc-ba65-3079a387cd83

=== Incoming Query ===
Timestamp: 2026-01-18T22:36:08.225Z
Method: GET
Path: /mcp
IP Address: ::ffff:127.0.0.1
User-Agent: ElevenLabs/1.0
========================


=== Incoming Query ===
Timestamp: 2026-01-18T22:36:09.143Z
Method: DELETE
Path: /mcp
IP Address: ::ffff:127.0.0.1
User-Agent: ElevenLabs/1.0
========================

Destroying session: 430e36ca-e5cc-412d-ac24-0de6257cc814

=== Incoming Query ===
Timestamp: 2026-01-18T22:37:02.237Z
Method: GET
Path: /mcp
IP Address: ::ffff:127.0.0.1
User-Agent: ElevenLabs/1.0
========================


=== Incoming Query ===
Timestamp: 2026-01-18T22:37:03.171Z
Method: DELETE
Path: /mcp
IP Address: ::ffff:127.0.0.1
User-Agent: ElevenLabs/1.0
========================

Destroying session: 3a8f36d5-0ed1-48bd-b46b-c1ef9959b47b

=== Incoming Query ===
Timestamp: 2026-01-18T22:37:04.121Z
Method: GET
Path: /mcp
IP Address: ::ffff:127.0.0.1
User-Agent: ElevenLabs/1.0
========================


=== Incoming Query ===
Timestamp: 2026-01-18T22:37:05.026Z
Method: DELETE
Path: /mcp
IP Address: ::ffff:127.0.0.1
User-Agent: ElevenLabs/1.0
========================

Destroying session: 2720c6a3-ec94-474f-957f-203a2cba476e

=== Incoming Query ===
Timestamp: 2026-01-18T22:37:16.517Z
Method: GET
Path: /mcp
IP Address: ::ffff:127.0.0.1
User-Agent: ElevenLabs/1.0
========================


=== Incoming Query ===
Timestamp: 2026-01-18T22:37:16.977Z
Method: POST
Path: /mcp
Request Body: {
  "method": "tools/call",
  "params": {
    "name": "get_user_details",
    "arguments": {
      "mobile_number": "9899807888"
    }
  },
  "jsonrpc": "2.0",
  "id": 1
}
IP Address: ::ffff:127.0.0.1
User-Agent: ElevenLabs/1.0
========================

✓ Database connected
Tool call: get_user_details {
  input: { mobile_number: '9899807888' },
  output: { content: [ [Object] ] },
  queryResponse: {
    user_id: '9899807888',
    created_at: 2026-01-18T21:57:58.029Z,
    updated_at: 2026-01-18T21:57:58.029Z,
    name: 'Samuel',
    bio: null,
    persona_json: {
      fav_character: 'Tony Stark',
      going_out_style: 'hotel',
      locality: 'South Delhi',
      social_setting: 'flexible',
      ambiance: 'conversational',
      experience_style: 'fancy experiential',
      age: '29',
      additional_details: ''
    },
    locality_id: null,
    conversation_id: null,
    id: '45bb9f41-2853-46cc-a8df-cde256d8c74f',
    connections: []
  }
}

=== Incoming Query ===
Timestamp: 2026-01-18T22:37:17.459Z
Method: DELETE
Path: /mcp
IP Address: ::ffff:127.0.0.1
User-Agent: ElevenLabs/1.0
========================

Destroying session: 4747d6cb-91f1-4deb-bfaa-1d18bb960699

=== Incoming Query ===
Timestamp: 2026-01-18T22:37:32.477Z
Method: GET
Path: /mcp
IP Address: ::ffff:127.0.0.1
User-Agent: ElevenLabs/1.0
========================


=== Incoming Query ===
Timestamp: 2026-01-18T22:37:33.398Z
Method: DELETE
Path: /mcp
IP Address: ::ffff:127.0.0.1
User-Agent: ElevenLabs/1.0
========================

Destroying session: 3c1dbf6d-acdd-4ae9-9ee0-f6a98b52bb61

=== Incoming Query ===
Timestamp: 2026-01-18T22:37:34.338Z
Method: GET
Path: /mcp
IP Address: ::ffff:127.0.0.1
User-Agent: ElevenLabs/1.0
========================


=== Incoming Query ===
Timestamp: 2026-01-18T22:37:35.260Z
Method: DELETE
Path: /mcp
IP Address: ::ffff:127.0.0.1
User-Agent: ElevenLabs/1.0
========================

Destroying session: fe2ca31a-a156-4736-bfa8-0496e975cfe8

=== Incoming Query ===
Timestamp: 2026-01-18T22:37:53.934Z
Method: GET
Path: /
IP Address: ::ffff:144.126.235.243
User-Agent: Mozilla/5.0 (X11; Linux x86_64; rv:142.0) Gecko/20100101 Firefox/142.0
========================


=== Incoming Query ===
Timestamp: 2026-01-18T22:37:54.200Z
Method: GET
Path: /favicon.ico
IP Address: ::ffff:144.126.235.243
User-Agent: Mozilla/5.0 (X11; Linux x86_64; rv:142.0) Gecko/20100101 Firefox/142.0
========================


=== Incoming Query ===
Timestamp: 2026-01-18T22:38:22.969Z
Method: GET
Path: /mcp
IP Address: ::ffff:127.0.0.1
User-Agent: ElevenLabs/1.0
========================


=== Incoming Query ===
Timestamp: 2026-01-18T22:38:23.881Z
Method: DELETE
Path: /mcp
IP Address: ::ffff:127.0.0.1
User-Agent: ElevenLabs/1.0
========================

Destroying session: 094574c5-c9b8-43d7-83cf-028ae5cf8a9d

=== Incoming Query ===
Timestamp: 2026-01-18T22:39:58.387Z
Method: GET
Path: /mcp
IP Address: ::ffff:127.0.0.1
User-Agent: ElevenLabs/1.0
========================


=== Incoming Query ===
Timestamp: 2026-01-18T22:39:59.318Z
Method: DELETE
Path: /mcp
IP Address: ::ffff:127.0.0.1
User-Agent: ElevenLabs/1.0
========================

Destroying session: 7ce00394-30ab-4aa5-8303-a45e6c184301

=== Incoming Query ===
Timestamp: 2026-01-18T22:40:00.271Z
Method: GET
Path: /mcp
IP Address: ::ffff:127.0.0.1
User-Agent: ElevenLabs/1.0
========================


=== Incoming Query ===
Timestamp: 2026-01-18T22:40:01.198Z
Method: DELETE
Path: /mcp
IP Address: ::ffff:127.0.0.1
User-Agent: ElevenLabs/1.0
========================

Destroying session: 59489f2e-3c52-4692-9843-a4dc590ce7eb

=== Incoming Query ===
Timestamp: 2026-01-18T22:40:18.617Z
Method: GET
Path: /mcp
IP Address: ::ffff:127.0.0.1
User-Agent: ElevenLabs/1.0
========================


=== Incoming Query ===
Timestamp: 2026-01-18T22:40:19.048Z
Method: POST
Path: /mcp
Request Body: {
  "method": "tools/call",
  "params": {
    "name": "get_user_details",
    "arguments": {
      "mobile_number": "9899807888"
    }
  },
  "jsonrpc": "2.0",
  "id": 1
}
IP Address: ::ffff:127.0.0.1
User-Agent: ElevenLabs/1.0
========================

✓ Database connected
Tool call: get_user_details {
  input: { mobile_number: '9899807888' },
  output: { content: [ [Object] ] },
  queryResponse: {
    user_id: '9899807888',
    created_at: 2026-01-18T21:57:58.029Z,
    updated_at: 2026-01-18T21:57:58.029Z,
    name: 'Samuel',
    bio: null,
    persona_json: {
      fav_character: 'Tony Stark',
      going_out_style: 'hotel',
      locality: 'South Delhi',
      social_setting: 'flexible',
      ambiance: 'conversational',
      experience_style: 'fancy experiential',
      age: '29',
      additional_details: ''
    },
    locality_id: null,
    conversation_id: null,
    id: '45bb9f41-2853-46cc-a8df-cde256d8c74f',
    connections: []
  }
}

=== Incoming Query ===
Timestamp: 2026-01-18T22:40:19.631Z
Method: DELETE
Path: /mcp
IP Address: ::ffff:127.0.0.1
User-Agent: ElevenLabs/1.0
========================

Destroying session: 2070a9c5-eb6a-42b8-88d6-ea771fc641f5

=== Incoming Query ===
Timestamp: 2026-01-18T22:40:35.382Z
Method: GET
Path: /mcp
IP Address: ::ffff:127.0.0.1
User-Agent: ElevenLabs/1.0
========================


=== Incoming Query ===
Timestamp: 2026-01-18T22:40:36.303Z
Method: DELETE
Path: /mcp
IP Address: ::ffff:127.0.0.1
User-Agent: ElevenLabs/1.0
========================

Destroying session: e8bc6243-dedf-4bad-9181-25c48f258a51

=== Incoming Query ===
Timestamp: 2026-01-18T22:41:17.383Z
Method: GET
Path: /mcp
IP Address: ::ffff:127.0.0.1
User-Agent: ElevenLabs/1.0
========================


=== Incoming Query ===
Timestamp: 2026-01-18T22:41:18.318Z
Method: DELETE
Path: /mcp
IP Address: ::ffff:127.0.0.1
User-Agent: ElevenLabs/1.0
========================

Destroying session: d5aed154-b279-4bac-8079-029dfa36c496

=== Incoming Query ===
Timestamp: 2026-01-18T22:41:19.268Z
Method: GET
Path: /mcp
IP Address: ::ffff:127.0.0.1
User-Agent: ElevenLabs/1.0
========================


=== Incoming Query ===
Timestamp: 2026-01-18T22:41:20.192Z
Method: DELETE
Path: /mcp
IP Address: ::ffff:127.0.0.1
User-Agent: ElevenLabs/1.0
========================

Destroying session: 8713fe43-2932-4edb-a438-e939ffdccb79

=== Incoming Query ===
Timestamp: 2026-01-18T22:41:27.701Z
Method: GET
Path: /mcp
IP Address: ::ffff:127.0.0.1
User-Agent: ElevenLabs/1.0
========================


=== Incoming Query ===
Timestamp: 2026-01-18T22:41:28.164Z
Method: POST
Path: /mcp
Request Body: {
  "method": "tools/call",
  "params": {
    "name": "get_user_details",
    "arguments": {
      "mobile_number": "9899807888"
    }
  },
  "jsonrpc": "2.0",
  "id": 1
}
IP Address: ::ffff:127.0.0.1
User-Agent: ElevenLabs/1.0
========================

✓ Database connected
Tool call: get_user_details {
  input: { mobile_number: '9899807888' },
  output: { content: [ [Object] ] },
  queryResponse: {
    user_id: '9899807888',
    created_at: 2026-01-18T21:57:58.029Z,
    updated_at: 2026-01-18T21:57:58.029Z,
    name: 'Samuel',
    bio: null,
    persona_json: {
      fav_character: 'Tony Stark',
      going_out_style: 'hotel',
      locality: 'South Delhi',
      social_setting: 'flexible',
      ambiance: 'conversational',
      experience_style: 'fancy experiential',
      age: '29',
      additional_details: ''
    },
    locality_id: null,
    conversation_id: null,
    id: '45bb9f41-2853-46cc-a8df-cde256d8c74f',
    connections: []
  }
}

=== Incoming Query ===
Timestamp: 2026-01-18T22:41:28.647Z
Method: DELETE
Path: /mcp
IP Address: ::ffff:127.0.0.1
User-Agent: ElevenLabs/1.0
========================

Destroying session: a7bfce7b-a398-463c-87f3-68f36dc69d8d

=== Incoming Query ===
Timestamp: 2026-01-18T22:41:41.855Z
Method: GET
Path: /mcp
IP Address: ::ffff:127.0.0.1
User-Agent: ElevenLabs/1.0
========================


=== Incoming Query ===
Timestamp: 2026-01-18T22:41:42.782Z
Method: DELETE
Path: /mcp
IP Address: ::ffff:127.0.0.1
User-Agent: ElevenLabs/1.0
========================

Destroying session: a1ed919a-a7bc-4a54-9d28-a87322334e7a

=== Incoming Query ===
Timestamp: 2026-01-18T22:45:28.001Z
Method: GET
Path: /mcp
IP Address: ::ffff:127.0.0.1
User-Agent: ElevenLabs/1.0
========================


=== Incoming Query ===
Timestamp: 2026-01-18T22:45:28.924Z
Method: DELETE
Path: /mcp
IP Address: ::ffff:127.0.0.1
User-Agent: ElevenLabs/1.0
========================

Destroying session: 5f3d59cf-4ef6-4e27-9ff5-a89324e34873

=== Incoming Query ===
Timestamp: 2026-01-18T22:45:29.871Z
Method: GET
Path: /mcp
IP Address: ::ffff:127.0.0.1
User-Agent: ElevenLabs/1.0
========================


=== Incoming Query ===
Timestamp: 2026-01-18T22:45:30.806Z
Method: DELETE
Path: /mcp
IP Address: ::ffff:127.0.0.1
User-Agent: ElevenLabs/1.0
========================

Destroying session: 3d3edc8f-47ba-4dd4-a009-0f13f9858773

=== Incoming Query ===
Timestamp: 2026-01-18T22:45:39.649Z
Method: GET
Path: /mcp
IP Address: ::ffff:127.0.0.1
User-Agent: ElevenLabs/1.0
========================


=== Incoming Query ===
Timestamp: 2026-01-18T22:45:40.115Z
Method: POST
Path: /mcp
Request Body: {
  "method": "tools/call",
  "params": {
    "name": "get_user_details",
    "arguments": {
      "mobile_number": "9899807888"
    }
  },
  "jsonrpc": "2.0",
  "id": 1
}
IP Address: ::ffff:127.0.0.1
User-Agent: ElevenLabs/1.0
========================

✓ Database connected
Tool call: get_user_details {
  input: { mobile_number: '9899807888' },
  output: { content: [ [Object] ] },
  queryResponse: {
    user_id: '9899807888',
    created_at: 2026-01-18T21:57:58.029Z,
    updated_at: 2026-01-18T21:57:58.029Z,
    name: 'Samuel',
    bio: null,
    persona_json: {
      fav_character: 'Tony Stark',
      going_out_style: 'hotel',
      locality: 'South Delhi',
      social_setting: 'flexible',
      ambiance: 'conversational',
      experience_style: 'fancy experiential',
      age: '29',
      additional_details: ''
    },
    locality_id: null,
    conversation_id: null,
    id: '45bb9f41-2853-46cc-a8df-cde256d8c74f',
    connections: []
  }
}

=== Incoming Query ===
Timestamp: 2026-01-18T22:45:40.632Z
Method: DELETE
Path: /mcp
IP Address: ::ffff:127.0.0.1
User-Agent: ElevenLabs/1.0
========================

Destroying session: c0b7ee9d-5fc3-4763-9a89-2cfd9ddabfe7

=== Incoming Query ===
Timestamp: 2026-01-18T22:46:02.798Z
Method: GET
Path: /mcp
IP Address: ::ffff:127.0.0.1
User-Agent: ElevenLabs/1.0
========================


=== Incoming Query ===
Timestamp: 2026-01-18T22:46:03.717Z
Method: DELETE
Path: /mcp
IP Address: ::ffff:127.0.0.1
User-Agent: ElevenLabs/1.0
========================

Destroying session: 40e14081-b6d5-41ad-9f1f-bbfa360c071f

=== Incoming Query ===
Timestamp: 2026-01-18T22:47:22.416Z
Method: GET
Path: /mcp
IP Address: ::ffff:127.0.0.1
User-Agent: ElevenLabs/1.0
========================


=== Incoming Query ===
Timestamp: 2026-01-18T22:47:23.357Z
Method: DELETE
Path: /mcp
IP Address: ::ffff:127.0.0.1
User-Agent: ElevenLabs/1.0
========================

Destroying session: e6ef68c1-89f0-4e11-bda1-a12da20b44a0

=== Incoming Query ===
Timestamp: 2026-01-18T22:47:24.322Z
Method: GET
Path: /mcp
IP Address: ::ffff:127.0.0.1
User-Agent: ElevenLabs/1.0
========================


=== Incoming Query ===
Timestamp: 2026-01-18T22:47:25.240Z
Method: DELETE
Path: /mcp
IP Address: ::ffff:127.0.0.1
User-Agent: ElevenLabs/1.0
========================

Destroying session: daa3886a-3c81-487f-86e2-68e22e146d76

=== Incoming Query ===
Timestamp: 2026-01-18T22:47:33.791Z
Method: GET
Path: /mcp
IP Address: ::ffff:127.0.0.1
User-Agent: ElevenLabs/1.0
========================


=== Incoming Query ===
Timestamp: 2026-01-18T22:47:34.256Z
Method: POST
Path: /mcp
Request Body: {
  "method": "tools/call",
  "params": {
    "name": "get_user_details",
    "arguments": {
      "mobile_number": "9899807888"
    }
  },
  "jsonrpc": "2.0",
  "id": 1
}
IP Address: ::ffff:127.0.0.1
User-Agent: ElevenLabs/1.0
========================

✓ Database connected
Tool call: get_user_details {
  input: { mobile_number: '9899807888' },
  output: { content: [ [Object] ] },
  queryResponse: {
    user_id: '9899807888',
    created_at: 2026-01-18T21:57:58.029Z,
    updated_at: 2026-01-18T21:57:58.029Z,
    name: 'Samuel',
    bio: null,
    persona_json: {
      fav_character: 'Tony Stark',
      going_out_style: 'hotel',
      locality: 'South Delhi',
      social_setting: 'flexible',
      ambiance: 'conversational',
      experience_style: 'fancy experiential',
      age: '29',
      additional_details: ''
    },
    locality_id: null,
    conversation_id: null,
    id: '45bb9f41-2853-46cc-a8df-cde256d8c74f',
    connections: []
  }
}

=== Incoming Query ===
Timestamp: 2026-01-18T22:47:34.742Z
Method: DELETE
Path: /mcp
IP Address: ::ffff:127.0.0.1
User-Agent: ElevenLabs/1.0
========================

Destroying session: f856999e-a216-490a-a1a0-df3ddf5bdbf4

=== Incoming Query ===
Timestamp: 2026-01-18T22:47:49.543Z
Method: GET
Path: /mcp
IP Address: ::ffff:127.0.0.1
User-Agent: ElevenLabs/1.0
========================


=== Incoming Query ===
Timestamp: 2026-01-18T22:47:50.453Z
Method: DELETE
Path: /mcp
IP Address: ::ffff:127.0.0.1
User-Agent: ElevenLabs/1.0
========================

Destroying session: e3ec513a-43fe-4789-82cd-17a7d2c6efea

=== Incoming Query ===
Timestamp: 2026-01-18T22:49:06.204Z
Method: GET
Path: /mcp
IP Address: ::ffff:127.0.0.1
User-Agent: ElevenLabs/1.0
========================


=== Incoming Query ===
Timestamp: 2026-01-18T22:49:07.126Z
Method: DELETE
Path: /mcp
IP Address: ::ffff:127.0.0.1
User-Agent: ElevenLabs/1.0
========================

Destroying session: 29570c49-1981-4f5a-a549-59ae567b534e

=== Incoming Query ===
Timestamp: 2026-01-18T22:49:37.539Z
Method: GET
Path: /mcp
IP Address: ::ffff:127.0.0.1
User-Agent: ElevenLabs/1.0
========================


=== Incoming Query ===
Timestamp: 2026-01-18T22:49:38.453Z
Method: DELETE
Path: /mcp
IP Address: ::ffff:127.0.0.1
User-Agent: ElevenLabs/1.0
========================

Destroying session: b9948bbc-b23f-4fe4-a889-801abfe837d3

=== Incoming Query ===
Timestamp: 2026-01-18T22:49:39.410Z
Method: GET
Path: /mcp
IP Address: ::ffff:127.0.0.1
User-Agent: ElevenLabs/1.0
========================


=== Incoming Query ===
Timestamp: 2026-01-18T22:49:40.315Z
Method: DELETE
Path: /mcp
IP Address: ::ffff:127.0.0.1
User-Agent: ElevenLabs/1.0
========================

Destroying session: c61fc212-f46e-4da0-b467-2b85dae6e1c2

=== Incoming Query ===
Timestamp: 2026-01-18T22:49:46.854Z
Method: GET
Path: /mcp
IP Address: ::ffff:127.0.0.1
User-Agent: ElevenLabs/1.0
========================


=== Incoming Query ===
Timestamp: 2026-01-18T22:49:47.313Z
Method: POST
Path: /mcp
Request Body: {
  "method": "tools/call",
  "params": {
    "name": "get_user_details",
    "arguments": {
      "mobile_number": "9899807888"
    }
  },
  "jsonrpc": "2.0",
  "id": 1
}
IP Address: ::ffff:127.0.0.1
User-Agent: ElevenLabs/1.0
========================

✓ Database connected
Tool call: get_user_details {
  input: { mobile_number: '9899807888' },
  output: { content: [ [Object] ] },
  queryResponse: {
    user_id: '9899807888',
    created_at: 2026-01-18T21:57:58.029Z,
    updated_at: 2026-01-18T21:57:58.029Z,
    name: 'Samuel',
    bio: null,
    persona_json: {
      fav_character: 'Tony Stark',
      going_out_style: 'hotel',
      locality: 'South Delhi',
      social_setting: 'flexible',
      ambiance: 'conversational',
      experience_style: 'fancy experiential',
      age: '29',
      additional_details: ''
    },
    locality_id: null,
    conversation_id: null,
    id: '45bb9f41-2853-46cc-a8df-cde256d8c74f',
    connections: []
  }
}

=== Incoming Query ===
Timestamp: 2026-01-18T22:49:47.817Z
Method: DELETE
Path: /mcp
IP Address: ::ffff:127.0.0.1
User-Agent: ElevenLabs/1.0
========================

Destroying session: e9b83782-1585-4b0c-9d52-0d092766334d

=== Incoming Query ===
Timestamp: 2026-01-19T02:19:58.231Z
Method: GET
Path: /api/session/properties
IP Address: ::ffff:45.156.129.166
User-Agent: Mozilla/5.0 (Windows NT 10.0; Win64; x64) AppleWebKit/537.36 (KHTML, like Gecko) Chrome/60.0.3112.113 Safari/537.36
========================


=== Incoming Query ===
Timestamp: 2026-01-19T08:08:29.863Z
Method: GET
Path: /
IP Address: ::ffff:162.243.117.147
User-Agent: Mozilla/5.0 (Windows NT 10.0; Win64; x64) AppleWebKit/537.36 (KHTML, like Gecko) Chrome/125.0.0.0 Safari/537.36
========================


=== Incoming Query ===
Timestamp: 2026-01-19T09:06:45.869Z
Method: GET
Path: /
IP Address: ::ffff:120.55.64.150
User-Agent: Mozilla/5.0 (Windows NT 10.0; Win64; x64) AppleWebKit/537.36 (KHTML, like Gecko) Chrome/59.0.3071.115 Safari/537.36
========================


=== Incoming Query ===
Timestamp: 2026-01-19T09:06:46.130Z
Method: GET
Path: /favicon.ico
IP Address: ::ffff:120.55.64.150
User-Agent: Mozilla/5.0 (Windows NT 10.0; Win64; x64) AppleWebKit/537.36 (KHTML, like Gecko) Chrome/59.0.3071.115 Safari/537.36
========================


=== Incoming Query ===
Timestamp: 2026-01-19T09:59:06.373Z
Method: GET
Path: /
IP Address: ::ffff:3.132.23.201
User-Agent: cypex.ai/scanning Mozilla/5.0 (Macintosh; Intel Mac OS X 10_15_7) Chrome/126.0.0.0 Safari/537.36
========================


=== Incoming Query ===
Timestamp: 2026-01-19T10:01:26.791Z
Method: GET
Path: /
IP Address: ::ffff:3.132.23.201
User-Agent: cypex.ai/scanning Mozilla/5.0 (Macintosh; Intel Mac OS X 10_15_7) Chrome/126.0.0.0 Safari/537.36
========================


=== Incoming Query ===
Timestamp: 2026-01-19T11:02:00.522Z
Method: GET
Path: /
IP Address: ::ffff:3.130.96.91
User-Agent: cypex.ai/scanning Mozilla/5.0 (Macintosh; Intel Mac OS X 10_15_7) Chrome/126.0.0.0 Safari/537.36
========================


=== Incoming Query ===
Timestamp: 2026-01-19T11:04:05.914Z
Method: GET
Path: /
IP Address: ::ffff:3.130.96.91
User-Agent: cypex.ai/scanning Mozilla/5.0 (Macintosh; Intel Mac OS X 10_15_7) Chrome/126.0.0.0 Safari/537.36
========================


=== Incoming Query ===
Timestamp: 2026-01-19T12:48:52.467Z
Method: GET
Path: /mcp
IP Address: ::ffff:127.0.0.1
User-Agent: ElevenLabs/1.0
========================


=== Incoming Query ===
Timestamp: 2026-01-19T12:48:53.397Z
Method: DELETE
Path: /mcp
IP Address: ::ffff:127.0.0.1
User-Agent: ElevenLabs/1.0
========================

Destroying session: 79237d17-f9ac-4f16-90b1-161f4fcb6700

=== Incoming Query ===
Timestamp: 2026-01-19T12:49:04.628Z
Method: GET
Path: /mcp
IP Address: ::ffff:127.0.0.1
User-Agent: ElevenLabs/1.0
========================


=== Incoming Query ===
Timestamp: 2026-01-19T12:49:05.624Z
Method: DELETE
Path: /mcp
IP Address: ::ffff:127.0.0.1
User-Agent: ElevenLabs/1.0
========================

Destroying session: c97ca961-a176-46a5-acf5-7f1439140b6a

=== Incoming Query ===
Timestamp: 2026-01-19T12:49:27.445Z
Method: GET
Path: /mcp
IP Address: ::ffff:127.0.0.1
User-Agent: ElevenLabs/1.0
========================


=== Incoming Query ===
Timestamp: 2026-01-19T12:49:28.368Z
Method: DELETE
Path: /mcp
IP Address: ::ffff:127.0.0.1
User-Agent: ElevenLabs/1.0
========================

Destroying session: f47cccaa-d8e2-42bf-8af0-c8de9b46f012

=== Incoming Query ===
Timestamp: 2026-01-19T12:53:31.389Z
Method: GET
Path: /mcp
IP Address: ::ffff:127.0.0.1
User-Agent: ElevenLabs/1.0
========================


=== Incoming Query ===
Timestamp: 2026-01-19T12:53:32.307Z
Method: DELETE
Path: /mcp
IP Address: ::ffff:127.0.0.1
User-Agent: ElevenLabs/1.0
========================

Destroying session: 0f0f917c-6dad-4044-984f-5ae3763cc151

=== Incoming Query ===
Timestamp: 2026-01-19T12:53:43.953Z
Method: GET
Path: /mcp
IP Address: ::ffff:127.0.0.1
User-Agent: ElevenLabs/1.0
========================


=== Incoming Query ===
Timestamp: 2026-01-19T12:53:44.875Z
Method: DELETE
Path: /mcp
IP Address: ::ffff:127.0.0.1
User-Agent: ElevenLabs/1.0
========================

Destroying session: 4b6e0511-6b18-4d84-bcf9-391163519ebc

=== Incoming Query ===
Timestamp: 2026-01-19T12:53:45.824Z
Method: GET
Path: /mcp
IP Address: ::ffff:127.0.0.1
User-Agent: ElevenLabs/1.0
========================


=== Incoming Query ===
Timestamp: 2026-01-19T12:53:46.741Z
Method: DELETE
Path: /mcp
IP Address: ::ffff:127.0.0.1
User-Agent: ElevenLabs/1.0
========================

Destroying session: b4e31f54-a376-44a7-a1ea-fa9a23c8a245

=== Incoming Query ===
Timestamp: 2026-01-19T12:57:37.555Z
Method: GET
Path: /mcp
IP Address: ::ffff:127.0.0.1
User-Agent: ElevenLabs/1.0
========================


=== Incoming Query ===
Timestamp: 2026-01-19T12:57:38.490Z
Method: DELETE
Path: /mcp
IP Address: ::ffff:127.0.0.1
User-Agent: ElevenLabs/1.0
========================

Destroying session: 10d55f23-4695-45a2-a0f4-8545675c70a7

=== Incoming Query ===
Timestamp: 2026-01-19T12:58:45.243Z
Method: POST
Path: /webhook
Request Body: {
  "event_type": "message.created",
  "org_id": "7fb8d4ca-70f0-48ed-b811-839ab01b96b3",
  "id": "d77e2732-cb5c-4f07-9dbe-267cc1f14efb",
  "data": {
    "message_id": "false_919899807889@c.us_3A2F8E8D7131698CB919",
    "org_id": "7fb8d4ca-70f0-48ed-b811-839ab01b96b3",
    "ack": "0",
    "author": null,
    "body": "Hey",
    "broadcast": false,
    "device_type": null,
    "duration": null,
    "forwarding_score": null,
    "from": null,
    "from_me": false,
    "has_media": null,
    "has_quoted_msg": null,
    "has_reaction": null,
    "id": {
      "id": "3A2F8E8D7131698CB919",
      "remote": "919899807889@c.us",
      "from_me": false,
      "serialized": "false_919899807889@c.us_3A2F8E8D7131698CB919"
    },
    "invite_v4": null,
    "is_ephemeral": null,
    "is_forwarded": null,
    "is_gif": null,
    "is_starred": null,
    "is_status": null,
    "links": null,
    "location": null,
    "media_key": null,
    "mentioned_ids": [],
    "order_id": null,
    "raw_data": null,
    "to": null,
    "token": null,
    "message_type": "chat",
    "vcards": null,
    "chat_id": "919899807889@c.us",
    "timestamp": "2026-01-19T12:58:44+00:00",
    "org_phone": "919217525430@c.us",
    "broadcast_id": null,
    "is_deleted": null,
    "media": null,
    "performed_by": null,
    "prev_body": null,
    "quoted_message_id": null,
    "sent_message_id": null,
    "delivery_info": {
      "read": {},
      "delivered": {}
    },
    "updated_at": "2026-01-19T12:58:44.9+00:00",
    "message_ticket_id": null,
    "flag_metadata": null,
    "flag_response_time": null,
    "sender_phone": "919899807889@c.us",
    "unique_id": "3A2F8E8D7131698CB919",
    "fts": null,
    "flag_status": null,
    "poll_info": null,
    "poll_results": null
  },
  "previous_attributes": {}
}
IP Address: ::ffff:127.0.0.1
User-Agent: axios/1.7.9
========================


=== Webhook Event Received ===
Timestamp: 2026-01-19T12:58:45.244Z
Event Type: message.created
Full Event Data:
{
  "event_type": "message.created",
  "org_id": "7fb8d4ca-70f0-48ed-b811-839ab01b96b3",
  "id": "d77e2732-cb5c-4f07-9dbe-267cc1f14efb",
  "data": {
    "message_id": "false_919899807889@c.us_3A2F8E8D7131698CB919",
    "org_id": "7fb8d4ca-70f0-48ed-b811-839ab01b96b3",
    "ack": "0",
    "author": null,
    "body": "Hey",
    "broadcast": false,
    "device_type": null,
    "duration": null,
    "forwarding_score": null,
    "from": null,
    "from_me": false,
    "has_media": null,
    "has_quoted_msg": null,
    "has_reaction": null,
    "id": {
      "id": "3A2F8E8D7131698CB919",
      "remote": "919899807889@c.us",
      "from_me": false,
      "serialized": "false_919899807889@c.us_3A2F8E8D7131698CB919"
    },
    "invite_v4": null,
    "is_ephemeral": null,
    "is_forwarded": null,
    "is_gif": null,
    "is_starred": null,
    "is_status": null,
    "links": null,
    "location": null,
    "media_key": null,
    "mentioned_ids": [],
    "order_id": null,
    "raw_data": null,
    "to": null,
    "token": null,
    "message_type": "chat",
    "vcards": null,
    "chat_id": "919899807889@c.us",
    "timestamp": "2026-01-19T12:58:44+00:00",
    "org_phone": "919217525430@c.us",
    "broadcast_id": null,
    "is_deleted": null,
    "media": null,
    "performed_by": null,
    "prev_body": null,
    "quoted_message_id": null,
    "sent_message_id": null,
    "delivery_info": {
      "read": {},
      "delivered": {}
    },
    "updated_at": "2026-01-19T12:58:44.9+00:00",
    "message_ticket_id": null,
    "flag_metadata": null,
    "flag_response_time": null,
    "sender_phone": "919899807889@c.us",
    "unique_id": "3A2F8E8D7131698CB919",
    "fts": null,
    "flag_status": null,
    "poll_info": null,
    "poll_results": null
  },
  "previous_attributes": {}
}
================================

Event Type: message.created received
  Chat ID: 919899807889@c.us
  Message: Hey
  User ID: 919899807889
✓ Database connected
  Sending message to conversation agent...
✓ Loaded system prompt from /home/ubuntu/whatsapp-bot/src/ai/chatbot_prompt.md
  ✓ Received response from conversation agent: Hey there! Looking for something fun to do? Maybe there's an event or a cool spot to check out. Let me know what you're in the mood for!
  Sending response via Periskope...
  ✓ Response sent successfully

=== Incoming Query ===
Timestamp: 2026-01-19T12:58:50.655Z
Method: POST
Path: /webhook
Request Body: {
  "event_type": "message.created",
  "org_id": "7fb8d4ca-70f0-48ed-b811-839ab01b96b3",
  "id": "ee50a985-7fc9-4687-8a76-dfe6d65c7bd9",
  "data": {
    "message_id": "true_919899807889@c.us_3EB0DB3B71910767D7E30C",
    "org_id": "7fb8d4ca-70f0-48ed-b811-839ab01b96b3",
    "ack": "1",
    "author": null,
    "body": "Hey there! Looking for something fun to do? Maybe there's an event or a cool spot to check out. Let me know what you're in the mood for!",
    "broadcast": null,
    "device_type": null,
    "duration": null,
    "forwarding_score": null,
    "from": null,
    "from_me": true,
    "has_media": null,
    "has_quoted_msg": null,
    "has_reaction": null,
    "id": {
      "id": "3EB0DB3B71910767D7E30C",
      "remote": "919899807889@c.us",
      "from_me": true,
      "serialized": "true_919899807889@c.us_3EB0DB3B71910767D7E30C"
    },
    "invite_v4": null,
    "is_ephemeral": null,
    "is_forwarded": null,
    "is_gif": null,
    "is_starred": null,
    "is_status": null,
    "links": null,
    "location": null,
    "media_key": null,
    "mentioned_ids": [],
    "order_id": null,
    "raw_data": null,
    "to": null,
    "token": null,
    "message_type": "chat",
    "vcards": null,
    "chat_id": "919899807889@c.us",
    "timestamp": "2026-01-19T12:58:49+00:00",
    "org_phone": "919217525430@c.us",
    "broadcast_id": null,
    "is_deleted": null,
    "media": null,
    "performed_by": "api",
    "prev_body": null,
    "quoted_message_id": null,
    "sent_message_id": "e00e57a9-c559-4503-b687-d20abd96e7af",
    "delivery_info": {
      "pending": [],
      "read_count": 0,
      "delivered_count": 0
    },
    "updated_at": "2026-01-19T12:58:50.567+00:00",
    "message_ticket_id": null,
    "flag_metadata": null,
    "flag_response_time": null,
    "sender_phone": "919217525430@c.us",
    "unique_id": "3EB0DB3B71910767D7E30C",
    "fts": null,
    "flag_status": null,
    "poll_info": null,
    "poll_results": null
  },
  "previous_attributes": {}
}
IP Address: ::ffff:127.0.0.1
User-Agent: axios/1.7.9
========================


=== Webhook Event Received ===
Timestamp: 2026-01-19T12:58:50.655Z
Event Type: message.created
Full Event Data:
{
  "event_type": "message.created",
  "org_id": "7fb8d4ca-70f0-48ed-b811-839ab01b96b3",
  "id": "ee50a985-7fc9-4687-8a76-dfe6d65c7bd9",
  "data": {
    "message_id": "true_919899807889@c.us_3EB0DB3B71910767D7E30C",
    "org_id": "7fb8d4ca-70f0-48ed-b811-839ab01b96b3",
    "ack": "1",
    "author": null,
    "body": "Hey there! Looking for something fun to do? Maybe there's an event or a cool spot to check out. Let me know what you're in the mood for!",
    "broadcast": null,
    "device_type": null,
    "duration": null,
    "forwarding_score": null,
    "from": null,
    "from_me": true,
    "has_media": null,
    "has_quoted_msg": null,
    "has_reaction": null,
    "id": {
      "id": "3EB0DB3B71910767D7E30C",
      "remote": "919899807889@c.us",
      "from_me": true,
      "serialized": "true_919899807889@c.us_3EB0DB3B71910767D7E30C"
    },
    "invite_v4": null,
    "is_ephemeral": null,
    "is_forwarded": null,
    "is_gif": null,
    "is_starred": null,
    "is_status": null,
    "links": null,
    "location": null,
    "media_key": null,
    "mentioned_ids": [],
    "order_id": null,
    "raw_data": null,
    "to": null,
    "token": null,
    "message_type": "chat",
    "vcards": null,
    "chat_id": "919899807889@c.us",
    "timestamp": "2026-01-19T12:58:49+00:00",
    "org_phone": "919217525430@c.us",
    "broadcast_id": null,
    "is_deleted": null,
    "media": null,
    "performed_by": "api",
    "prev_body": null,
    "quoted_message_id": null,
    "sent_message_id": "e00e57a9-c559-4503-b687-d20abd96e7af",
    "delivery_info": {
      "pending": [],
      "read_count": 0,
      "delivered_count": 0
    },
    "updated_at": "2026-01-19T12:58:50.567+00:00",
    "message_ticket_id": null,
    "flag_metadata": null,
    "flag_response_time": null,
    "sender_phone": "919217525430@c.us",
    "unique_id": "3EB0DB3B71910767D7E30C",
    "fts": null,
    "flag_status": null,
    "poll_info": null,
    "poll_results": null
  },
  "previous_attributes": {}
}
================================

Event Type: message.created received
  Message is from bot itself (from_me=true), skipping to avoid infinite loop

=== Incoming Query ===
Timestamp: 2026-01-19T12:58:51.720Z
Method: POST
Path: /webhook
Request Body: {
  "event_type": "message.ack.updated",
  "org_id": "7fb8d4ca-70f0-48ed-b811-839ab01b96b3",
  "id": "0db6e5e7-d476-48aa-b67e-50690876b26b",
  "data": {
    "message_id": "true_919899807889@c.us_3EB0DB3B71910767D7E30C",
    "org_id": "7fb8d4ca-70f0-48ed-b811-839ab01b96b3",
    "ack": "4",
    "author": null,
    "body": "Hey there! Looking for something fun to do? Maybe there's an event or a cool spot to check out. Let me know what you're in the mood for!",
    "broadcast": null,
    "device_type": null,
    "duration": null,
    "forwarding_score": null,
    "from": null,
    "from_me": true,
    "has_media": null,
    "has_quoted_msg": null,
    "has_reaction": null,
    "id": {
      "id": "3EB0DB3B71910767D7E30C",
      "remote": "919899807889@c.us",
      "from_me": true,
      "serialized": "true_919899807889@c.us_3EB0DB3B71910767D7E30C"
    },
    "invite_v4": null,
    "is_ephemeral": null,
    "is_forwarded": null,
    "is_gif": null,
    "is_starred": null,
    "is_status": null,
    "links": null,
    "location": null,
    "media_key": null,
    "mentioned_ids": [],
    "order_id": null,
    "raw_data": null,
    "to": null,
    "token": null,
    "message_type": "chat",
    "vcards": null,
    "chat_id": "919899807889@c.us",
    "timestamp": "2026-01-19T12:58:49+00:00",
    "org_phone": "919217525430@c.us",
    "broadcast_id": null,
    "is_deleted": null,
    "media": null,
    "performed_by": "api",
    "prev_body": null,
    "quoted_message_id": null,
    "sent_message_id": "e00e57a9-c559-4503-b687-d20abd96e7af",
    "delivery_info": {
      "read": {
        "919899807889@c.us": 1768827531626
      },
      "pending": [],
      "delivered": {
        "919899807889@c.us": 1768827531619
      },
      "read_count": 1,
      "delivered_count": 1
    },
    "updated_at": "2026-01-19T12:58:51.628+00:00",
    "message_ticket_id": null,
    "flag_metadata": null,
    "flag_response_time": null,
    "sender_phone": "919217525430@c.us",
    "unique_id": "3EB0DB3B71910767D7E30C",
    "fts": null,
    "flag_status": null,
    "poll_info": null,
    "poll_results": null
  },
  "previous_attributes": {}
}
IP Address: ::ffff:127.0.0.1
User-Agent: axios/1.7.9
========================


=== Webhook Event Received ===
Timestamp: 2026-01-19T12:58:51.720Z
Event Type: message.ack.updated
Full Event Data:
{
  "event_type": "message.ack.updated",
  "org_id": "7fb8d4ca-70f0-48ed-b811-839ab01b96b3",
  "id": "0db6e5e7-d476-48aa-b67e-50690876b26b",
  "data": {
    "message_id": "true_919899807889@c.us_3EB0DB3B71910767D7E30C",
    "org_id": "7fb8d4ca-70f0-48ed-b811-839ab01b96b3",
    "ack": "4",
    "author": null,
    "body": "Hey there! Looking for something fun to do? Maybe there's an event or a cool spot to check out. Let me know what you're in the mood for!",
    "broadcast": null,
    "device_type": null,
    "duration": null,
    "forwarding_score": null,
    "from": null,
    "from_me": true,
    "has_media": null,
    "has_quoted_msg": null,
    "has_reaction": null,
    "id": {
      "id": "3EB0DB3B71910767D7E30C",
      "remote": "919899807889@c.us",
      "from_me": true,
      "serialized": "true_919899807889@c.us_3EB0DB3B71910767D7E30C"
    },
    "invite_v4": null,
    "is_ephemeral": null,
    "is_forwarded": null,
    "is_gif": null,
    "is_starred": null,
    "is_status": null,
    "links": null,
    "location": null,
    "media_key": null,
    "mentioned_ids": [],
    "order_id": null,
    "raw_data": null,
    "to": null,
    "token": null,
    "message_type": "chat",
    "vcards": null,
    "chat_id": "919899807889@c.us",
    "timestamp": "2026-01-19T12:58:49+00:00",
    "org_phone": "919217525430@c.us",
    "broadcast_id": null,
    "is_deleted": null,
    "media": null,
    "performed_by": "api",
    "prev_body": null,
    "quoted_message_id": null,
    "sent_message_id": "e00e57a9-c559-4503-b687-d20abd96e7af",
    "delivery_info": {
      "read": {
        "919899807889@c.us": 1768827531626
      },
      "pending": [],
      "delivered": {
        "919899807889@c.us": 1768827531619
      },
      "read_count": 1,
      "delivered_count": 1
    },
    "updated_at": "2026-01-19T12:58:51.628+00:00",
    "message_ticket_id": null,
    "flag_metadata": null,
    "flag_response_time": null,
    "sender_phone": "919217525430@c.us",
    "unique_id": "3EB0DB3B71910767D7E30C",
    "fts": null,
    "flag_status": null,
    "poll_info": null,
    "poll_results": null
  },
  "previous_attributes": {}
}
================================

Event Type: message.ack.updated received

=== Incoming Query ===
Timestamp: 2026-01-19T12:58:51.723Z
Method: POST
Path: /webhook
Request Body: {
  "event_type": "message.ack.updated",
  "org_id": "7fb8d4ca-70f0-48ed-b811-839ab01b96b3",
  "id": "dc06cca5-4c76-4f85-b94f-3df856ae7a25",
  "data": {
    "message_id": "true_919899807889@c.us_3EB0DB3B71910767D7E30C",
    "org_id": "7fb8d4ca-70f0-48ed-b811-839ab01b96b3",
    "ack": "4",
    "author": null,
    "body": "Hey there! Looking for something fun to do? Maybe there's an event or a cool spot to check out. Let me know what you're in the mood for!",
    "broadcast": null,
    "device_type": null,
    "duration": null,
    "forwarding_score": null,
    "from": null,
    "from_me": true,
    "has_media": null,
    "has_quoted_msg": null,
    "has_reaction": null,
    "id": {
      "id": "3EB0DB3B71910767D7E30C",
      "remote": "919899807889@c.us",
      "from_me": true,
      "serialized": "true_919899807889@c.us_3EB0DB3B71910767D7E30C"
    },
    "invite_v4": null,
    "is_ephemeral": null,
    "is_forwarded": null,
    "is_gif": null,
    "is_starred": null,
    "is_status": null,
    "links": null,
    "location": null,
    "media_key": null,
    "mentioned_ids": [],
    "order_id": null,
    "raw_data": null,
    "to": null,
    "token": null,
    "message_type": "chat",
    "vcards": null,
    "chat_id": "919899807889@c.us",
    "timestamp": "2026-01-19T12:58:49+00:00",
    "org_phone": "919217525430@c.us",
    "broadcast_id": null,
    "is_deleted": null,
    "media": null,
    "performed_by": "api",
    "prev_body": null,
    "quoted_message_id": null,
    "sent_message_id": "e00e57a9-c559-4503-b687-d20abd96e7af",
    "delivery_info": {
      "read": {
        "919899807889@c.us": 1768827531626
      },
      "pending": [],
      "delivered": {
        "919899807889@c.us": 1768827531619
      },
      "read_count": 1,
      "delivered_count": 1
    },
    "updated_at": "2026-01-19T12:58:51.632+00:00",
    "message_ticket_id": null,
    "flag_metadata": null,
    "flag_response_time": null,
    "sender_phone": "919217525430@c.us",
    "unique_id": "3EB0DB3B71910767D7E30C",
    "fts": null,
    "flag_status": null,
    "poll_info": null,
    "poll_results": null
  },
  "previous_attributes": {}
}
IP Address: ::ffff:127.0.0.1
User-Agent: axios/1.7.9
========================


=== Webhook Event Received ===
Timestamp: 2026-01-19T12:58:51.724Z
Event Type: message.ack.updated
Full Event Data:
{
  "event_type": "message.ack.updated",
  "org_id": "7fb8d4ca-70f0-48ed-b811-839ab01b96b3",
  "id": "dc06cca5-4c76-4f85-b94f-3df856ae7a25",
  "data": {
    "message_id": "true_919899807889@c.us_3EB0DB3B71910767D7E30C",
    "org_id": "7fb8d4ca-70f0-48ed-b811-839ab01b96b3",
    "ack": "4",
    "author": null,
    "body": "Hey there! Looking for something fun to do? Maybe there's an event or a cool spot to check out. Let me know what you're in the mood for!",
    "broadcast": null,
    "device_type": null,
    "duration": null,
    "forwarding_score": null,
    "from": null,
    "from_me": true,
    "has_media": null,
    "has_quoted_msg": null,
    "has_reaction": null,
    "id": {
      "id": "3EB0DB3B71910767D7E30C",
      "remote": "919899807889@c.us",
      "from_me": true,
      "serialized": "true_919899807889@c.us_3EB0DB3B71910767D7E30C"
    },
    "invite_v4": null,
    "is_ephemeral": null,
    "is_forwarded": null,
    "is_gif": null,
    "is_starred": null,
    "is_status": null,
    "links": null,
    "location": null,
    "media_key": null,
    "mentioned_ids": [],
    "order_id": null,
    "raw_data": null,
    "to": null,
    "token": null,
    "message_type": "chat",
    "vcards": null,
    "chat_id": "919899807889@c.us",
    "timestamp": "2026-01-19T12:58:49+00:00",
    "org_phone": "919217525430@c.us",
    "broadcast_id": null,
    "is_deleted": null,
    "media": null,
    "performed_by": "api",
    "prev_body": null,
    "quoted_message_id": null,
    "sent_message_id": "e00e57a9-c559-4503-b687-d20abd96e7af",
    "delivery_info": {
      "read": {
        "919899807889@c.us": 1768827531626
      },
      "pending": [],
      "delivered": {
        "919899807889@c.us": 1768827531619
      },
      "read_count": 1,
      "delivered_count": 1
    },
    "updated_at": "2026-01-19T12:58:51.632+00:00",
    "message_ticket_id": null,
    "flag_metadata": null,
    "flag_response_time": null,
    "sender_phone": "919217525430@c.us",
    "unique_id": "3EB0DB3B71910767D7E30C",
    "fts": null,
    "flag_status": null,
    "poll_info": null,
    "poll_results": null
  },
  "previous_attributes": {}
}
================================

Event Type: message.ack.updated received

=== Incoming Query ===
Timestamp: 2026-01-19T13:04:15.797Z
Method: GET
Path: /mcp
IP Address: ::ffff:127.0.0.1
User-Agent: openai-mcp/1.0.0 (Agent Builder)
========================


=== Incoming Query ===
Timestamp: 2026-01-19T13:04:23.748Z
Method: GET
Path: /mcp
IP Address: ::ffff:127.0.0.1
User-Agent: openai-mcp/1.0.0 (Agent Builder)
========================


=== Incoming Query ===
Timestamp: 2026-01-19T13:04:56.943Z
Method: GET
Path: /mcp
IP Address: ::ffff:127.0.0.1
User-Agent: openai-mcp/1.0.0 (Agent Builder)
========================


=== Incoming Query ===
Timestamp: 2026-01-19T13:05:00.139Z
Method: GET
Path: /mcp
IP Address: ::ffff:127.0.0.1
User-Agent: openai-mcp/1.0.0 (Agent Builder)
========================


=== Incoming Query ===
Timestamp: 2026-01-19T13:05:05.535Z
Method: GET
Path: /mcp
IP Address: ::ffff:127.0.0.1
User-Agent: openai-mcp/1.0.0 (Agent Builder)
========================


=== Incoming Query ===
Timestamp: 2026-01-19T13:05:23.491Z
Method: GET
Path: /
IP Address: ::ffff:54.82.96.33
User-Agent: Mozilla/5.0 (Windows NT 10.0; Win64; x64) AppleWebKit/537.36 (KHTML, like Gecko) Chrome/136.0.0.0 Safari/537.36
========================

Setting up MCP server...
✓ MCP server initialized with streamable HTTP transport
Verifying database connection...
✓ Database connected
✓ Database connection verified
Verifying OpenAI connection...
✓ OpenAI connection verified

🚀 MCP Server (Streamable HTTP)
Server is running on port 3000

📡 MCP Endpoints (Primary):
  POST http://localhost:3000/mcp - Client → Server messages
  GET  http://localhost:3000/mcp - Server → Client streaming (SSE)

📡 Webhook & API Endpoints:
  POST http://localhost:3000/webhook - Periskope webhook events
  GET  http://localhost:3000/health - Health check
  POST http://localhost:3000/api/users
  POST http://localhost:3000/api/users/get
  GET  http://localhost:3000/api/users/:userId/persona
  GET  http://localhost:3000/api/chats/:chatId/messages?offset=0&limit=2000
  GET  http://localhost:3000/api/activity-venue-maps/:id
  POST http://localhost:3000/api/activity-venue-maps
  POST http://localhost:3000/api/send-event-details
✓ Webhook signature verification enabled

✓ MCP server ready and waiting for connections...


=== Incoming Query ===
Timestamp: 2026-01-19T13:06:30.219Z
Method: GET
Path: /mcp
IP Address: ::ffff:127.0.0.1
User-Agent: openai-mcp/1.0.0 (Agent Builder)
========================


=== Incoming Query ===
Timestamp: 2026-01-19T13:06:41.268Z
Method: GET
Path: /mcp
IP Address: ::ffff:127.0.0.1
User-Agent: openai-mcp/1.0.0 (Agent Builder)
========================


=== Incoming Query ===
Timestamp: 2026-01-19T13:06:46.194Z
Method: GET
Path: /mcp
IP Address: ::ffff:127.0.0.1
User-Agent: openai-mcp/1.0.0 (Agent Builder)
========================


=== Incoming Query ===
Timestamp: 2026-01-19T13:06:49.256Z
Method: GET
Path: /mcp
IP Address: ::ffff:127.0.0.1
User-Agent: openai-mcp/1.0.0 (Agent Builder)
========================


=== Incoming Query ===
Timestamp: 2026-01-19T13:06:51.539Z
Method: GET
Path: /mcp
IP Address: ::ffff:127.0.0.1
User-Agent: openai-mcp/1.0.0 (Agent Builder)
========================


=== Incoming Query ===
Timestamp: 2026-01-19T13:06:54.780Z
Method: GET
Path: /mcp
IP Address: ::ffff:127.0.0.1
User-Agent: openai-mcp/1.0.0 (Agent Builder)
========================


=== Incoming Query ===
Timestamp: 2026-01-19T13:06:59.189Z
Method: GET
Path: /mcp
IP Address: ::ffff:127.0.0.1
User-Agent: openai-mcp/1.0.0 (Agent Builder)
========================


=== Incoming Query ===
Timestamp: 2026-01-19T13:07:01.471Z
Method: GET
Path: /mcp
IP Address: ::ffff:127.0.0.1
User-Agent: openai-mcp/1.0.0 (Agent Builder)
========================


=== Incoming Query ===
Timestamp: 2026-01-19T13:07:05.552Z
Method: GET
Path: /mcp
IP Address: ::ffff:127.0.0.1
User-Agent: openai-mcp/1.0.0 (Agent Builder)
========================


=== Incoming Query ===
Timestamp: 2026-01-19T13:07:07.638Z
Method: GET
Path: /mcp
IP Address: ::ffff:127.0.0.1
User-Agent: openai-mcp/1.0.0 (Agent Builder)
========================


=== Incoming Query ===
Timestamp: 2026-01-19T13:07:19.477Z
Method: GET
Path: /mcp
IP Address: ::ffff:127.0.0.1
User-Agent: openai-mcp/1.0.0 (Agent Builder)
========================


=== Incoming Query ===
Timestamp: 2026-01-19T13:07:24.591Z
Method: GET
Path: /mcp
IP Address: ::ffff:127.0.0.1
User-Agent: openai-mcp/1.0.0 (Agent Builder)
========================


=== Incoming Query ===
Timestamp: 2026-01-19T13:09:19.485Z
Method: GET
Path: /mcp
IP Address: ::ffff:127.0.0.1
User-Agent: openai-mcp/1.0.0 (Agent Builder)
========================


=== Incoming Query ===
Timestamp: 2026-01-19T13:09:21.621Z
Method: GET
Path: /mcp
IP Address: ::ffff:127.0.0.1
User-Agent: openai-mcp/1.0.0 (Agent Builder)
========================


=== Incoming Query ===
Timestamp: 2026-01-19T13:09:25.653Z
Method: GET
Path: /mcp
IP Address: ::ffff:127.0.0.1
User-Agent: openai-mcp/1.0.0 (Agent Builder)
========================


=== Incoming Query ===
Timestamp: 2026-01-19T13:09:30.642Z
Method: GET
Path: /mcp
IP Address: ::ffff:127.0.0.1
User-Agent: openai-mcp/1.0.0 (Agent Builder)
========================


=== Incoming Query ===
Timestamp: 2026-01-19T13:09:43.507Z
Method: GET
Path: /mcp
IP Address: ::ffff:127.0.0.1
User-Agent: openai-mcp/1.0.0 (Agent Builder)
========================

Setting up MCP server...
✓ MCP server initialized with streamable HTTP transport
Verifying database connection...
✓ Database connected
✓ Database connection verified
Verifying OpenAI connection...
✓ OpenAI connection verified

🚀 MCP Server (Streamable HTTP)
Server is running on port 3000

📡 MCP Endpoints (Primary):
  POST http://localhost:3000/mcp - Client → Server messages
  GET  http://localhost:3000/mcp - Server → Client streaming (SSE)

📡 Webhook & API Endpoints:
  POST http://localhost:3000/webhook - Periskope webhook events
  GET  http://localhost:3000/health - Health check
  POST http://localhost:3000/api/users
  POST http://localhost:3000/api/users/get
  GET  http://localhost:3000/api/users/:userId/persona
  GET  http://localhost:3000/api/chats/:chatId/messages?offset=0&limit=2000
  GET  http://localhost:3000/api/activity-venue-maps/:id
  POST http://localhost:3000/api/activity-venue-maps
  POST http://localhost:3000/api/send-event-details
✓ Webhook signature verification enabled

✓ MCP server ready and waiting for connections...


=== Incoming Query ===
Timestamp: 2026-01-19T13:14:44.038Z
Method: GET
Path: /mcp
IP Address: ::ffff:127.0.0.1
User-Agent: openai-mcp/1.0.0 (Agent Builder)
========================


=== Incoming Query ===
Timestamp: 2026-01-19T13:14:47.386Z
Method: GET
Path: /mcp
IP Address: ::ffff:127.0.0.1
User-Agent: openai-mcp/1.0.0 (Agent Builder)
========================


=== Incoming Query ===
Timestamp: 2026-01-19T13:15:08.370Z
Method: GET
Path: /pdown
IP Address: ::ffff:34.65.196.205
User-Agent: unknown
========================


=== Incoming Query ===
Timestamp: 2026-01-19T13:15:59.790Z
Method: GET
Path: /mcp
IP Address: ::ffff:127.0.0.1
User-Agent: openai-mcp/1.0.0 (Agent Builder)
========================


=== Incoming Query ===
Timestamp: 2026-01-19T13:16:01.865Z
Method: GET
Path: /mcp
IP Address: ::ffff:127.0.0.1
User-Agent: openai-mcp/1.0.0 (Agent Builder)
========================


=== Incoming Query ===
Timestamp: 2026-01-19T13:16:04.953Z
Method: GET
Path: /mcp
IP Address: ::ffff:127.0.0.1
User-Agent: openai-mcp/1.0.0 (Agent Builder)
========================


=== Incoming Query ===
Timestamp: 2026-01-19T13:16:08.091Z
Method: GET
Path: /mcp
IP Address: ::ffff:127.0.0.1
User-Agent: openai-mcp/1.0.0 (Agent Builder)
========================


=== Incoming Query ===
Timestamp: 2026-01-19T13:18:27.484Z
Method: GET
Path: /mcp
IP Address: ::ffff:127.0.0.1
User-Agent: openai-mcp/1.0.0 (Agent Builder)
========================

Setting up MCP server...
✓ MCP server initialized with streamable HTTP transport
Verifying database connection...
✓ Database connected
✓ Database connection verified
Verifying OpenAI connection...
✓ OpenAI connection verified

🚀 MCP Server (Streamable HTTP)
Server is running on port 3000

📡 MCP Endpoints (Primary):
  POST http://localhost:3000/mcp - Client → Server messages
  GET  http://localhost:3000/mcp - Server → Client streaming (SSE)

📡 Webhook & API Endpoints:
  POST http://localhost:3000/webhook - Periskope webhook events
  GET  http://localhost:3000/health - Health check
  POST http://localhost:3000/api/users
  POST http://localhost:3000/api/users/get
  GET  http://localhost:3000/api/users/:userId/persona
  GET  http://localhost:3000/api/chats/:chatId/messages?offset=0&limit=2000
  GET  http://localhost:3000/api/activity-venue-maps/:id
  POST http://localhost:3000/api/activity-venue-maps
  POST http://localhost:3000/api/send-event-details
✓ Webhook signature verification enabled

✓ MCP server ready and waiting for connections...


=== Incoming Query ===
Timestamp: 2026-01-19T13:21:16.548Z
Method: GET
Path: /mcp
IP Address: ::ffff:127.0.0.1
User-Agent: openai-mcp/1.0.0 (Agent Builder)
========================

[ADMIN] Admin session request: shreypandey

=== Incoming Query ===
Timestamp: 2026-01-19T13:22:07.515Z
Method: GET
Path: /mcp
IP Address: ::ffff:127.0.0.1
User-Agent: openai-mcp/1.0.0 (Agent Builder)
========================

[ADMIN] Admin session request: shreypandey

=== Incoming Query ===
Timestamp: 2026-01-19T13:22:10.566Z
Method: GET
Path: /mcp
IP Address: ::ffff:127.0.0.1
User-Agent: openai-mcp/1.0.0 (Agent Builder)
========================

[ADMIN] Admin session request: shreypandey

=== Incoming Query ===
Timestamp: 2026-01-19T13:22:12.208Z
Method: GET
Path: /mcp
IP Address: ::ffff:127.0.0.1
User-Agent: openai-mcp/1.0.0 (Agent Builder)
========================

[ADMIN] Admin session request: shreypandey

=== Incoming Query ===
Timestamp: 2026-01-19T13:22:14.988Z
Method: GET
Path: /mcp
IP Address: ::ffff:127.0.0.1
User-Agent: openai-mcp/1.0.0 (Agent Builder)
========================

[ADMIN] Admin session request: shreypandey

=== Incoming Query ===
Timestamp: 2026-01-19T13:22:16.997Z
Method: GET
Path: /mcp
IP Address: ::ffff:127.0.0.1
User-Agent: openai-mcp/1.0.0 (Agent Builder)
========================

[ADMIN] Admin session request: shreypandey

=== Incoming Query ===
Timestamp: 2026-01-19T13:23:11.284Z
Method: GET
Path: /mcp
IP Address: ::ffff:127.0.0.1
User-Agent: openai-mcp/1.0.0 (Agent Builder)
========================

[ADMIN] Admin session request: shreypandey

=== Incoming Query ===
Timestamp: 2026-01-19T13:23:27.203Z
Method: GET
Path: /mcp
IP Address: ::ffff:127.0.0.1
User-Agent: openai-mcp/1.0.0 (Agent Builder)
========================

[ADMIN] Admin session request: shreypandey

=== Incoming Query ===
Timestamp: 2026-01-19T13:23:28.894Z
Method: GET
Path: /mcp
IP Address: ::ffff:127.0.0.1
User-Agent: openai-mcp/1.0.0 (Agent Builder)
========================

[ADMIN] Admin session request: shreypandey
[ADMIN] Admin session request: shreypandey

=== Incoming Query ===
Timestamp: 2026-01-19T13:23:31.999Z
Method: GET
Path: /mcp
IP Address: ::ffff:127.0.0.1
User-Agent: openai-mcp/1.0.0 (Agent Builder)
========================

[ADMIN] Admin session request: shreypandey

=== Incoming Query ===
Timestamp: 2026-01-19T13:23:48.622Z
Method: GET
Path: /mcp
IP Address: ::ffff:127.0.0.1
User-Agent: openai-mcp/1.0.0 (Agent Builder)
========================

[ADMIN] Admin session request: shreypandey

=== Incoming Query ===
Timestamp: 2026-01-19T13:23:49.216Z
Method: GET
Path: /mcp
IP Address: ::ffff:127.0.0.1
User-Agent: openai-mcp/1.0.0 (Agent Builder)
========================


=== Incoming Query ===
Timestamp: 2026-01-19T13:24:27.413Z
Method: GET
Path: /mcp
IP Address: ::ffff:127.0.0.1
User-Agent: openai-mcp/1.0.0 (Agent Builder)
========================

[ADMIN] Admin session request: shreypandey

=== Incoming Query ===
Timestamp: 2026-01-19T13:24:28.016Z
Method: GET
Path: /mcp
IP Address: ::ffff:127.0.0.1
User-Agent: openai-mcp/1.0.0 (Agent Builder)
========================

[ADMIN] Admin session request: shreypandey
[ADMIN] Admin session request: shreypandey
